computername,protocol,sessions,depth,typed,tool,version,command,start-date-time,end-date-time,execution-time,status,memory,max_tasks,attack,checksum,number-goals,goal
PCM,dummy,2,0,typed,ofmc,2022,N:\CorsiDSI\Project\ofmc\bm-impl\ofmc.exe --numSess 2 --noowngoal  dummy.anb,2025-11-05 15:49:01.042833,2025-11-05 15:49:01.059834,17,completed,N/A,7,unknown,0,0,
PCM,AnBx_BlindForwarding_01,2,0,typed,ofmc,2022,N:\CorsiDSI\Project\ofmc\bm-impl\ofmc.exe --numSess 2 --noowngoal  .\single-typed\AnBx_BlindForwarding\AnBx_BlindForwarding_01.AnB,2025-11-05 15:49:01.073833,2025-11-05 15:49:01.960181,886,completed,N/A,7,NO_ATTACK,4b326e7cfb62f25067875cd9d225d9b8,1,"A weakly authenticates C on ccn(C,A)"
PCM,AnBx_BlindForwarding_02,2,0,typed,ofmc,2022,N:\CorsiDSI\Project\ofmc\bm-impl\ofmc.exe --numSess 2 --noowngoal  .\single-typed\AnBx_BlindForwarding\AnBx_BlindForwarding_02.AnB,2025-11-05 15:49:01.972184,2025-11-05 15:49:03.040549,1068,completed,N/A,7,NO_ATTACK,10a375eac8d2f7258362910202e85dcf,1,"ccn(C,A) secret between C,A"
PCM,AnBx_Fresh_from_A_01,2,0,typed,ofmc,2022,N:\CorsiDSI\Project\ofmc\bm-impl\ofmc.exe --numSess 2 --noowngoal  .\single-typed\AnBx_Fresh_from_A\AnBx_Fresh_from_A_01.AnB,2025-11-05 15:49:03.053550,2025-11-05 15:49:03.189549,136,completed,N/A,7,NO_ATTACK,e515655fe55bada717548755289201a2,1,B authenticates A on Msg
PCM,AnBx_Fresh_from_A_with_DH_01,2,0,typed,ofmc,2022,N:\CorsiDSI\Project\ofmc\bm-impl\ofmc.exe --numSess 2 --noowngoal  .\single-typed\AnBx_Fresh_from_A_with_DH\AnBx_Fresh_from_A_with_DH_01.AnB,2025-11-05 15:49:03.199851,2025-11-05 15:49:08.393849,5194,completed,N/A,7,NO_ATTACK,68f2c87eb8730dd38a54c03ecb02aaaf,1,B authenticates A on Msg
PCM,AnBx_From_A_secret_for_B_C_honest_01,2,0,typed,ofmc,2022,N:\CorsiDSI\Project\ofmc\bm-impl\ofmc.exe --numSess 2 --noowngoal  .\single-typed\AnBx_From_A_secret_for_B_C_honest\AnBx_From_A_secret_for_B_C_honest_01.AnB,2025-11-05 15:49:08.415851,2025-11-05 15:49:09.951392,1536,completed,N/A,7,NO_ATTACK,4224271dbf911a5056d69d512cbeb9fa,1,B weakly authenticates A on Msg
PCM,AnBx_From_A_secret_for_B_C_honest_02,2,0,typed,ofmc,2022,N:\CorsiDSI\Project\ofmc\bm-impl\ofmc.exe --numSess 2 --noowngoal  .\single-typed\AnBx_From_A_secret_for_B_C_honest\AnBx_From_A_secret_for_B_C_honest_02.AnB,2025-11-05 15:49:09.964392,2025-11-05 15:49:11.608937,1645,completed,N/A,7,NO_ATTACK,4bab9ffe8226c5bc68b9a01fc56ff32e,1,c weakly authenticates A on Msg
PCM,AnBx_From_A_secret_for_B_C_honest_03,2,0,typed,ofmc,2022,N:\CorsiDSI\Project\ofmc\bm-impl\ofmc.exe --numSess 2 --noowngoal  .\single-typed\AnBx_From_A_secret_for_B_C_honest\AnBx_From_A_secret_for_B_C_honest_03.AnB,2025-11-05 15:49:11.621940,2025-11-05 15:49:13.260645,1639,completed,N/A,7,NO_ATTACK,b6c6668d00b060974c9f743c051c1834,1,"Msg secret between A,B,c"
PCM,Amended_NSCK_02,2,0,typed,ofmc,2022,N:\CorsiDSI\Project\ofmc\bm-impl\ofmc.exe --numSess 2 --noowngoal  .\single-typed\Amended_NSCK\Amended_NSCK_02.AnB,2025-11-05 15:49:01.049834,2025-11-05 15:49:18.678518,17629,completed,N/A,7,NO_ATTACK,112231bb2c39e5ee40d3863c1dc29f95,1,B authenticates A on NxNB
PCM,AndrewSecureRPC_01,2,0,typed,ofmc,2022,N:\CorsiDSI\Project\ofmc\bm-impl\ofmc.exe --numSess 2 --noowngoal  .\single-typed\AndrewSecureRPC\AndrewSecureRPC_01.AnB,2025-11-05 15:49:13.274646,2025-11-05 15:49:18.956696,5682,completed,N/A,7,ATTACK,5e99eca2b211d408ac654afeb5d25383,1,B *->* A: NB2
PCM,Amended_NSCK_04,2,0,typed,ofmc,2022,N:\CorsiDSI\Project\ofmc\bm-impl\ofmc.exe --numSess 2 --noowngoal  .\single-typed\Amended_NSCK\Amended_NSCK_04.AnB,2025-11-05 15:49:01.050835,2025-11-05 15:49:19.223848,18173,completed,N/A,7,NO_ATTACK,b80ce9262783e857f6cd875f9eb0b0f9,1,B *->* A: NxNB
PCM,Amended_NSCK_01,2,0,typed,ofmc,2022,N:\CorsiDSI\Project\ofmc\bm-impl\ofmc.exe --numSess 2 --noowngoal  .\single-typed\Amended_NSCK\Amended_NSCK_01.AnB,2025-11-05 15:49:01.049834,2025-11-05 15:49:19.467850,18418,completed,N/A,7,NO_ATTACK,428476efbe319af44933c263181e7cfb,1,A authenticates B on NxNB
PCM,Amended_NSCK_06,2,0,typed,ofmc,2022,N:\CorsiDSI\Project\ofmc\bm-impl\ofmc.exe --numSess 2 --noowngoal  .\single-typed\Amended_NSCK\Amended_NSCK_06.AnB,2025-11-05 15:49:01.050835,2025-11-05 15:49:19.532848,18482,completed,N/A,7,NO_ATTACK,f7d49e1f779bfd0e62a14e817d27fdc8,1,B authenticates s on KxKAB
PCM,Amended_NSCK_05,2,0,typed,ofmc,2022,N:\CorsiDSI\Project\ofmc\bm-impl\ofmc.exe --numSess 2 --noowngoal  .\single-typed\Amended_NSCK\Amended_NSCK_05.AnB,2025-11-05 15:49:01.048838,2025-11-05 15:49:19.574848,18526,completed,N/A,7,NO_ATTACK,a9904c69499c256f4b13f8061f56b052,1,A authenticates s on KxKAB
PCM,Amended_NSCK_03,2,0,typed,ofmc,2022,N:\CorsiDSI\Project\ofmc\bm-impl\ofmc.exe --numSess 2 --noowngoal  .\single-typed\Amended_NSCK\Amended_NSCK_03.AnB,2025-11-05 15:49:01.049834,2025-11-05 15:49:19.635848,18586,completed,N/A,7,NO_ATTACK,3e79529da5ce45d6bb78f30a7f1c02e0,1,"NxNB secret between A,B"
PCM,Bullet_Channel_01,2,0,typed,ofmc,2022,N:\CorsiDSI\Project\ofmc\bm-impl\ofmc.exe --numSess 2 --noowngoal  .\single-typed\Bullet_Channel\Bullet_Channel_01.AnB,2025-11-05 15:49:19.540849,2025-11-05 15:49:20.942393,1402,completed,N/A,7,NO_ATTACK,fd7127598f9a4cad9e269e98ee4dec18,1,B weakly authenticates A on Msg
PCM,Bullet_Channel_2_01,2,0,typed,ofmc,2022,N:\CorsiDSI\Project\ofmc\bm-impl\ofmc.exe --numSess 2 --noowngoal  .\single-typed\Bullet_Channel_2\Bullet_Channel_2_01.AnB,2025-11-05 15:49:19.585850,2025-11-05 15:49:22.389979,2804,completed,N/A,7,NO_ATTACK,e82027c7fe537d322a2fc8c14f8ac30d,1,A *->* B: Msg
PCM,Bullet_Channel_2_02,2,0,typed,ofmc,2022,N:\CorsiDSI\Project\ofmc\bm-impl\ofmc.exe --numSess 2 --noowngoal  .\single-typed\Bullet_Channel_2\Bullet_Channel_2_02.AnB,2025-11-05 15:49:19.641848,2025-11-05 15:49:22.438979,2797,completed,N/A,7,NO_ATTACK,2c49a471ba5d7694135e1fae5c5b3a65,1,B authenticates A on Msg
PCM,AndrewSecureRPC_02,2,0,typed,ofmc,2022,N:\CorsiDSI\Project\ofmc\bm-impl\ofmc.exe --numSess 2 --noowngoal  .\single-typed\AndrewSecureRPC\AndrewSecureRPC_02.AnB,2025-11-05 15:49:18.706698,2025-11-05 15:49:22.463980,3757,completed,N/A,7,ATTACK,f568a96257888afb187db696fa2fd132,1,A authenticates B on NB2
PCM,Bullet_Channel_Expansion_Auth_01,2,0,typed,ofmc,2022,N:\CorsiDSI\Project\ofmc\bm-impl\ofmc.exe --numSess 2 --noowngoal  .\single-typed\Bullet_Channel_Expansion_Auth\Bullet_Channel_Expansion_Auth_01.AnB,2025-11-05 15:49:22.447981,2025-11-05 15:49:22.565979,118,completed,N/A,7,NO_ATTACK,3a5dd6798935700e20ec7f973e9f2a97,1,B weakly authenticates A on Msg
PCM,Bullet_Channel_Expansion_Secret_01,2,0,typed,ofmc,2022,N:\CorsiDSI\Project\ofmc\bm-impl\ofmc.exe --numSess 2 --noowngoal  .\single-typed\Bullet_Channel_Expansion_Secret\Bullet_Channel_Expansion_Secret_01.AnB,2025-11-05 15:49:22.474981,2025-11-05 15:49:22.596981,122,completed,N/A,7,NO_ATTACK,36c7dc147eb941f2966b8a289ed998a2,1,A ->* B: Msg
PCM,Bullet_Channel_Expansion_Secure_01,2,0,typed,ofmc,2022,N:\CorsiDSI\Project\ofmc\bm-impl\ofmc.exe --numSess 2 --noowngoal  .\single-typed\Bullet_Channel_Expansion_Secure\Bullet_Channel_Expansion_Secure_01.AnB,2025-11-05 15:49:22.578982,2025-11-05 15:49:22.771165,192,completed,N/A,7,NO_ATTACK,b065d60941650b6b335a58e15746a41f,1,B weakly authenticates A on Msg
PCM,Bullet_Channel_Expansion_Secure_02,2,0,typed,ofmc,2022,N:\CorsiDSI\Project\ofmc\bm-impl\ofmc.exe --numSess 2 --noowngoal  .\single-typed\Bullet_Channel_Expansion_Secure\Bullet_Channel_Expansion_Secure_02.AnB,2025-11-05 15:49:22.602980,2025-11-05 15:49:22.798167,195,completed,N/A,7,NO_ATTACK,c63aa20c828ef30cbcde2f4d964aeab5,1,"Msg secret between A,B"
PCM,Bullet_Channel_2_03,2,0,typed,ofmc,2022,N:\CorsiDSI\Project\ofmc\bm-impl\ofmc.exe --numSess 2 --noowngoal  .\single-typed\Bullet_Channel_2\Bullet_Channel_2_03.AnB,2025-11-05 15:49:20.954393,2025-11-05 15:49:23.940517,2986,completed,N/A,7,NO_ATTACK,91bd740c071248879b1978a76b7582b0,1,B weakly authenticates A on Msg
PCM,Bullet_Channel_2_04,2,0,typed,ofmc,2022,N:\CorsiDSI\Project\ofmc\bm-impl\ofmc.exe --numSess 2 --noowngoal  .\single-typed\Bullet_Channel_2\Bullet_Channel_2_04.AnB,2025-11-05 15:49:22.401979,2025-11-05 15:49:25.332060,2930,completed,N/A,7,NO_ATTACK,ba25991dbb5af7162c6fcc27fb5c896b,1,"Msg secret between A,B"
PCM,AndrewSecureRPCSecrecy_01,2,0,typed,ofmc,2022,N:\CorsiDSI\Project\ofmc\bm-impl\ofmc.exe --numSess 2 --noowngoal  .\single-typed\AndrewSecureRPCSecrecy\AndrewSecureRPCSecrecy_01.AnB,2025-11-05 15:49:18.969698,2025-11-05 15:49:26.176427,7207,completed,N/A,7,NO_ATTACK,7bb1df07aefeb374a69aace0ea02d9fc,1,B ->* A: NxNB2
PCM,Carlsen_02,2,0,typed,ofmc,2022,N:\CorsiDSI\Project\ofmc\bm-impl\ofmc.exe --numSess 2 --noowngoal  .\single-typed\Carlsen\Carlsen_02.AnB,2025-11-05 15:49:22.804166,2025-11-05 15:49:27.644991,4841,completed,N/A,7,NO_ATTACK,9df348d7dfaa6eae11eda02c56385422,1,"A authenticates s on KxKAB,B"
PCM,Carlsen_01,2,0,typed,ofmc,2022,N:\CorsiDSI\Project\ofmc\bm-impl\ofmc.exe --numSess 2 --noowngoal  .\single-typed\Carlsen\Carlsen_01.AnB,2025-11-05 15:49:22.784165,2025-11-05 15:49:27.679993,4896,completed,139042816,7,NO_ATTACK,8825882afe9ce0e9bf29c020cad766da,1,"B authenticates s on KxKAB,A"
PCM,Carlsen_03,2,0,typed,ofmc,2022,N:\CorsiDSI\Project\ofmc\bm-impl\ofmc.exe --numSess 2 --noowngoal  .\single-typed\Carlsen\Carlsen_03.AnB,2025-11-05 15:49:23.953515,2025-11-05 15:49:28.722997,4769,completed,N/A,7,NO_ATTACK,661139c088cab32c756774d6a5b14f65,1,"KxKAB secret between A,B,s"
PCM,DenningSacco_01,2,0,typed,ofmc,2022,N:\CorsiDSI\Project\ofmc\bm-impl\ofmc.exe --numSess 2 --noowngoal  .\single-typed\DenningSacco\DenningSacco_01.AnB,2025-11-05 15:49:27.685994,2025-11-05 15:49:29.650157,1964,completed,69033984,7,ATTACK,0c6124e6b118050dce4ec4b890f2207f,1,A *->* B: KAB
PCM,CreditCard_01,2,0,typed,ofmc,2022,N:\CorsiDSI\Project\ofmc\bm-impl\ofmc.exe --numSess 2 --noowngoal  .\single-typed\CreditCard\CreditCard_01.AnB,2025-11-05 15:49:25.343061,2025-11-05 15:49:30.173372,4830,completed,N/A,7,NO_ATTACK,1010816dcdccbc0eff24a007f7d17975,1,"A weakly authenticates C on ccn(C,A)"
PCM,CreditCard_02,2,0,typed,ofmc,2022,N:\CorsiDSI\Project\ofmc\bm-impl\ofmc.exe --numSess 2 --noowngoal  .\single-typed\CreditCard\CreditCard_02.AnB,2025-11-05 15:49:26.187427,2025-11-05 15:49:31.106699,4919,completed,N/A,7,NO_ATTACK,1fb10a5ff4864c0a2d895c9df5c55e97,1,"ccn(C,A) secret between C,A"
PCM,DH_01,2,0,typed,ofmc,2022,N:\CorsiDSI\Project\ofmc\bm-impl\ofmc.exe --numSess 2 --noowngoal  .\single-typed\DH\DH_01.AnB,2025-11-05 15:49:30.185376,2025-11-05 15:49:33.400592,3215,completed,N/A,7,NO_ATTACK,d7125de11f75e7f9d81548c39fb59f00,1,B authenticates A on Msg
PCM,DH_auth_01,2,0,typed,ofmc,2022,N:\CorsiDSI\Project\ofmc\bm-impl\ofmc.exe --numSess 2 --noowngoal  .\single-typed\DH_auth\DH_auth_01.AnB,2025-11-05 15:49:33.425592,2025-11-05 15:49:34.111800,686,completed,N/A,7,ATTACK,a96656c3b7cafaeb3599369cad2c461e,1,"Msg secret between A,B"
PCM,DH_02,2,0,typed,ofmc,2022,N:\CorsiDSI\Project\ofmc\bm-impl\ofmc.exe --numSess 2 --noowngoal  .\single-typed\DH\DH_02.AnB,2025-11-05 15:49:31.118701,2025-11-05 15:49:34.447975,3329,completed,N/A,7,NO_ATTACK,5dafa0fac70a5fcd6422167d96cd9941,1,"Msg secret between A,B"
PCM,Bilateral_Key_Exchange_01,2,0,typed,ofmc,2022,N:\CorsiDSI\Project\ofmc\bm-impl\ofmc.exe --numSess 2 --noowngoal  .\single-typed\Bilateral_Key_Exchange\Bilateral_Key_Exchange_01.AnB,2025-11-05 15:49:19.493848,2025-11-05 15:49:35.175138,15681,completed,N/A,7,NO_ATTACK,f53fd094d66fe97f487cc4a2bde66326,1,B authenticates A on KxK
PCM,DH_auth_02,2,0,typed,ofmc,2022,N:\CorsiDSI\Project\ofmc\bm-impl\ofmc.exe --numSess 2 --noowngoal  .\single-typed\DH_auth\DH_auth_02.AnB,2025-11-05 15:49:34.122801,2025-11-05 15:49:36.340717,2218,completed,N/A,7,NO_ATTACK,b1b2b89ece1af860cf8e8ea17f40b0b7,1,B weakly authenticates A on Msg
PCM,emv_visa_k3_01,2,0,typed,ofmc,2022,N:\CorsiDSI\Project\ofmc\bm-impl\ofmc.exe --numSess 2 --noowngoal  .\single-typed\emv_visa_k3\emv_visa_k3_01.AnB,2025-11-05 15:49:36.353717,2025-11-05 15:49:39.949039,3595,completed,N/A,7,ATTACK,ced9dd5a3e7e783ec97bb61ab549a6b3,1,"iss weakly authenticates C on PDOLDate,PDOLAmount,fcnUnpred(T,fcnPDOL(C,respVisa)),PDOLTVR,PDOLCountry,PDOLCurrency,fcnSeqNo(C,respVisa)"
PCM,emv_visa_k3_pseudo_02,2,0,typed,ofmc,2022,N:\CorsiDSI\Project\ofmc\bm-impl\ofmc.exe --numSess 2 --noowngoal  .\single-typed\emv_visa_k3_pseudo\emv_visa_k3_pseudo_02.AnB,2025-11-05 15:49:39.969039,2025-11-05 15:49:44.161541,4193,completed,N/A,7,ATTACK,20375cffd87aab25f924e96c85b22481,1,"shk(C,iss) secret between C,iss"
PCM,Basic_Kerberos_01,2,0,typed,ofmc,2022,N:\CorsiDSI\Project\ofmc\bm-impl\ofmc.exe --numSess 2 --noowngoal  .\single-typed\Basic_Kerberos\Basic_Kerberos_01.AnB,2025-11-05 15:49:19.248848,2025-11-05 15:49:44.192541,24944,completed,N/A,7,NO_ATTACK,0bf965505422f53b861ed10a04ad949f,1,s *->* C: Payload
PCM,Forward_01,2,0,typed,ofmc,2022,N:\CorsiDSI\Project\ofmc\bm-impl\ofmc.exe --numSess 2 --noowngoal  .\single-typed\Forward\Forward_01.AnB,2025-11-05 15:49:44.190543,2025-11-05 15:49:44.422699,232,completed,N/A,7,ATTACK,cbfdcdbd55b1422aa2b702a223b0b280,1,A ->* C: Msg
PCM,DH_hmac_01,2,0,typed,ofmc,2022,N:\CorsiDSI\Project\ofmc\bm-impl\ofmc.exe --numSess 2 --noowngoal  .\single-typed\DH_hmac\DH_hmac_01.AnB,2025-11-05 15:49:34.460974,2025-11-05 15:49:48.175141,13714,completed,N/A,7,NO_ATTACK,4bc9ff884c8f7a503ce764cace8ae7d5,1,"Msg secret between A,B"
PCM,DH_hmac_02,2,0,typed,ofmc,2022,N:\CorsiDSI\Project\ofmc\bm-impl\ofmc.exe --numSess 2 --noowngoal  .\single-typed\DH_hmac\DH_hmac_02.AnB,2025-11-05 15:49:35.188140,2025-11-05 15:49:49.151501,13963,completed,N/A,7,NO_ATTACK,bda9aafaab96cf326ebda592815a43a1,1,B authenticates A on Msg
PCM,Fresh_From_A_01,2,0,typed,ofmc,2022,N:\CorsiDSI\Project\ofmc\bm-impl\ofmc.exe --numSess 2 --noowngoal  .\single-typed\Fresh_From_A\Fresh_From_A_01.AnB,2025-11-05 15:49:49.164503,2025-11-05 15:49:49.651818,487,completed,N/A,7,NO_ATTACK,4d4576e71a56022bd19ccf47a92fd3df,1,B authenticates A on Msg
PCM,ForwardAny_01,2,0,typed,ofmc,2022,N:\CorsiDSI\Project\ofmc\bm-impl\ofmc.exe --numSess 2 --noowngoal  .\single-typed\ForwardAny\ForwardAny_01.AnB,2025-11-05 15:49:44.202543,2025-11-05 15:49:49.820993,5618,completed,N/A,7,ATTACK,6c9e5a98eff37b8ac1db19fbb8a35da6,1,B weakly authenticates A on Msg
PCM,Fresh_From_A_02,2,0,typed,ofmc,2022,N:\CorsiDSI\Project\ofmc\bm-impl\ofmc.exe --numSess 2 --noowngoal  .\single-typed\Fresh_From_A\Fresh_From_A_02.AnB,2025-11-05 15:49:49.664819,2025-11-05 15:49:49.995990,331,completed,N/A,7,NO_ATTACK,1b46995b10a82f1b843ce86766ab5724,1,inv(pk(A)) secret between A
PCM,ForwardAny_02,2,0,typed,ofmc,2022,N:\CorsiDSI\Project\ofmc\bm-impl\ofmc.exe --numSess 2 --noowngoal  .\single-typed\ForwardAny\ForwardAny_02.AnB,2025-11-05 15:49:44.457701,2025-11-05 15:49:50.048991,5591,completed,N/A,7,ATTACK,4dcf842b5958f35eaf85036d0b07be8e,1,B weakly authenticates A on Msg2
PCM,Fresh_From_A_03,2,0,typed,ofmc,2022,N:\CorsiDSI\Project\ofmc\bm-impl\ofmc.exe --numSess 2 --noowngoal  .\single-typed\Fresh_From_A\Fresh_From_A_03.AnB,2025-11-05 15:49:49.836992,2025-11-05 15:49:50.285211,448,completed,N/A,7,NO_ATTACK,342afc266098e76da4174db1e4632b88,1,inv(sk(A)) secret between A
PCM,Forward_Blind_A_Digest_01,2,0,typed,ofmc,2022,N:\CorsiDSI\Project\ofmc\bm-impl\ofmc.exe --numSess 2 --noowngoal  .\single-typed\Forward_Blind_A_Digest\Forward_Blind_A_Digest_01.AnB,2025-11-05 15:49:48.188141,2025-11-05 15:49:50.455210,2267,completed,N/A,7,NO_ATTACK,d487ca4d0b1f524375fb4ffda3c88765,1,"A ->* C: hash(Msg,hash(hmac(Msg,Hx1CMsg)))"
PCM,Fresh_From_A_Secret_01,2,0,typed,ofmc,2022,N:\CorsiDSI\Project\ofmc\bm-impl\ofmc.exe --numSess 2 --noowngoal  .\single-typed\Fresh_From_A_Secret\Fresh_From_A_Secret_01.AnB,2025-11-05 15:49:50.012993,2025-11-05 15:49:50.725394,712,completed,N/A,7,NO_ATTACK,9d864b7a90c25d6f1424028af46a64f6,1,"Msg secret between A,B"
PCM,Fresh_From_A_Secret_02,2,0,typed,ofmc,2022,N:\CorsiDSI\Project\ofmc\bm-impl\ofmc.exe --numSess 2 --noowngoal  .\single-typed\Fresh_From_A_Secret\Fresh_From_A_Secret_02.AnB,2025-11-05 15:49:50.064993,2025-11-05 15:49:50.748393,683,completed,N/A,7,NO_ATTACK,ffd795515a4062c7d5d4e0a91492535d,1,B authenticates A on Msg
PCM,Fresh_From_A_Secret_03,2,0,typed,ofmc,2022,N:\CorsiDSI\Project\ofmc\bm-impl\ofmc.exe --numSess 2 --noowngoal  .\single-typed\Fresh_From_A_Secret\Fresh_From_A_Secret_03.AnB,2025-11-05 15:49:50.298212,2025-11-05 15:49:50.921394,623,completed,N/A,7,NO_ATTACK,8f6e238906d18a2942a189edda3c97bc,1,inv(pk(A)) secret between A
PCM,Fresh_From_A_Secret_04,2,0,typed,ofmc,2022,N:\CorsiDSI\Project\ofmc\bm-impl\ofmc.exe --numSess 2 --noowngoal  .\single-typed\Fresh_From_A_Secret\Fresh_From_A_Secret_04.AnB,2025-11-05 15:49:50.469212,2025-11-05 15:49:51.071396,602,completed,N/A,7,NO_ATTACK,ff3147fcbef075d3a5fb87fecf172f83,1,inv(sk(A)) secret between A
PCM,Fresh_PublicKey_01,2,0,typed,ofmc,2022,N:\CorsiDSI\Project\ofmc\bm-impl\ofmc.exe --numSess 2 --noowngoal  .\single-typed\Fresh_PublicKey\Fresh_PublicKey_01.AnB,2025-11-05 15:49:51.083394,2025-11-05 15:49:51.193392,110,completed,N/A,7,NO_ATTACK,707ca9f9e41c9b4e4f027abb5a68e79c,1,B ->* A: Msg
PCM,Fresh_PublicKey_Sign_01,2,0,typed,ofmc,2022,N:\CorsiDSI\Project\ofmc\bm-impl\ofmc.exe --numSess 2 --noowngoal  .\single-typed\Fresh_PublicKey_Sign\Fresh_PublicKey_Sign_01.AnB,2025-11-05 15:49:51.205396,2025-11-05 15:49:51.285582,80,completed,N/A,7,ATTACK,dbe97e658ef665147c06d26d8e25ac52,1,B weakly authenticates A on Msg
PCM,From_A_01,2,0,typed,ofmc,2022,N:\CorsiDSI\Project\ofmc\bm-impl\ofmc.exe --numSess 2 --noowngoal  .\single-typed\From_A\From_A_01.AnB,2025-11-05 15:49:51.301581,2025-11-05 15:49:51.461581,160,completed,N/A,7,NO_ATTACK,c4b28d52726f32b41e237193481db23f,1,B weakly authenticates A on Msg
PCM,From_A_and_Back_01,2,0,typed,ofmc,2022,N:\CorsiDSI\Project\ofmc\bm-impl\ofmc.exe --numSess 2 --noowngoal  .\single-typed\From_A_and_Back\From_A_and_Back_01.AnB,2025-11-05 15:49:51.476580,2025-11-05 15:49:51.858793,382,completed,N/A,7,NO_ATTACK,17a3b78833f631314f7b262097b6dd50,1,a weakly authenticates B on Msg
PCM,From_A_and_Back_02,2,0,typed,ofmc,2022,N:\CorsiDSI\Project\ofmc\bm-impl\ofmc.exe --numSess 2 --noowngoal  .\single-typed\From_A_and_Back\From_A_and_Back_02.AnB,2025-11-05 15:49:51.870794,2025-11-05 15:49:52.345977,475,completed,N/A,7,NO_ATTACK,1bcf1d0d38b8b63720ddfbd77a6a2235,1,B weakly authenticates a on Msg
PCM,From_A_and_Back_03,2,0,typed,ofmc,2022,N:\CorsiDSI\Project\ofmc\bm-impl\ofmc.exe --numSess 2 --noowngoal  .\single-typed\From_A_and_Back\From_A_and_Back_03.AnB,2025-11-05 15:49:52.363979,2025-11-05 15:49:52.696979,333,completed,N/A,7,ATTACK,23eb4296ed6e29980f3d67473f11ff4c,1,"Msg secret between a,B"
PCM,From_A_Mutual_01,2,0,typed,ofmc,2022,N:\CorsiDSI\Project\ofmc\bm-impl\ofmc.exe --numSess 2 --noowngoal  .\single-typed\From_A_Mutual\From_A_Mutual_01.AnB,2025-11-05 15:49:52.709979,2025-11-05 15:49:52.878158,168,completed,N/A,7,ATTACK,ab19582a51e02854d6e238558d12cf53,1,B weakly authenticates A on Msg
PCM,From_A_Mutual_02,2,0,typed,ofmc,2022,N:\CorsiDSI\Project\ofmc\bm-impl\ofmc.exe --numSess 2 --noowngoal  .\single-typed\From_A_Mutual\From_A_Mutual_02.AnB,2025-11-05 15:49:52.892159,2025-11-05 15:49:53.091161,199,completed,N/A,7,NO_ATTACK,e9f5602b5dfb785af8e81de741c70c05,1,A weakly authenticates B on Msg
PCM,From_A_Secret_01,2,0,typed,ofmc,2022,N:\CorsiDSI\Project\ofmc\bm-impl\ofmc.exe --numSess 2 --noowngoal  .\single-typed\From_A_Secret\From_A_Secret_01.AnB,2025-11-05 15:49:53.103162,2025-11-05 15:49:53.222377,119,completed,N/A,7,NO_ATTACK,95ad3492148db9f1a0c840fe33fcb231,1,B weakly authenticates A on Msg
PCM,From_A_Secret_02,2,0,typed,ofmc,2022,N:\CorsiDSI\Project\ofmc\bm-impl\ofmc.exe --numSess 2 --noowngoal  .\single-typed\From_A_Secret\From_A_Secret_02.AnB,2025-11-05 15:49:53.235378,2025-11-05 15:49:53.350374,115,completed,N/A,7,NO_ATTACK,7e780c1dab642874e3f2500f2feaca9b,1,"Msg secret between A,B"
PCM,Goss_01,2,0,typed,ofmc,2022,N:\CorsiDSI\Project\ofmc\bm-impl\ofmc.exe --numSess 2 --noowngoal  .\single-typed\Goss\Goss_01.AnB,2025-11-05 15:49:53.363377,2025-11-05 15:49:53.545376,182,completed,N/A,7,ATTACK,6298b107ad2dbd910ccfb19a1a483869,1,"RA secret between A,B"
PCM,Goss_02,2,0,typed,ofmc,2022,N:\CorsiDSI\Project\ofmc\bm-impl\ofmc.exe --numSess 2 --noowngoal  .\single-typed\Goss\Goss_02.AnB,2025-11-05 15:49:53.558377,2025-11-05 15:49:53.756583,198,completed,N/A,7,ATTACK,4ba0eec919b5e03e0ec99f1552a1c0f0,1,"RB secret between A,B"
PCM,DenningSaccoCorr_01,2,0,typed,ofmc,2022,N:\CorsiDSI\Project\ofmc\bm-impl\ofmc.exe --numSess 2 --noowngoal  .\single-typed\DenningSaccoCorr\DenningSaccoCorr_01.AnB,2025-11-05 15:49:28.754997,2025-11-05 15:49:53.810580,25056,completed,N/A,7,NO_ATTACK,b04c95476b2cf68f76f88ce1c346205e,1,"KAB secret between A,B"
PCM,DenningSaccoCorr_02,2,0,typed,ofmc,2022,N:\CorsiDSI\Project\ofmc\bm-impl\ofmc.exe --numSess 2 --noowngoal  .\single-typed\DenningSaccoCorr\DenningSaccoCorr_02.AnB,2025-11-05 15:49:29.699154,2025-11-05 15:49:54.657770,24959,completed,N/A,7,NO_ATTACK,97a3f47bf02abee4fdfa99eafa17cb92,1,B weakly authenticates A on KAB
PCM,GSM_01,2,0,typed,ofmc,2022,N:\CorsiDSI\Project\ofmc\bm-impl\ofmc.exe --numSess 2 --noowngoal  .\single-typed\GSM\GSM_01.AnB,2025-11-05 15:49:54.668771,2025-11-05 15:49:54.837954,169,completed,N/A,7,ATTACK,c92afb674b74bd7d2a5f580c2d3d9bbb,1,B authenticates M on NB
PCM,GSM_02,2,0,typed,ofmc,2022,N:\CorsiDSI\Project\ofmc\bm-impl\ofmc.exe --numSess 2 --noowngoal  .\single-typed\GSM\GSM_02.AnB,2025-11-05 15:49:54.851955,2025-11-05 15:49:55.026958,175,completed,N/A,7,ATTACK,aa4c0fafa02e51cb6a66f22ba553e820,1,"Msg secret between B,M"
PCM,GSM_03,2,0,typed,ofmc,2022,N:\CorsiDSI\Project\ofmc\bm-impl\ofmc.exe --numSess 2 --noowngoal  .\single-typed\GSM\GSM_03.AnB,2025-11-05 15:49:55.037956,2025-11-05 15:49:55.218128,180,completed,N/A,7,ATTACK,ea777bdba737cf66756f4d7d66d80839,1,B ->* M: Msg
PCM,Fresh_from_A_with_DH_02,2,0,typed,ofmc,2022,N:\CorsiDSI\Project\ofmc\bm-impl\ofmc.exe --numSess 2 --noowngoal  .\single-typed\Fresh_from_A_with_DH\Fresh_from_A_with_DH_02.AnB,2025-11-05 15:49:50.754396,2025-11-05 15:49:55.661126,4907,completed,N/A,7,NO_ATTACK,9515539b3700ff30f111b41ed19593ed,1,B ->* A: NxB
PCM,Fresh_from_A_with_DH_01,2,0,typed,ofmc,2022,N:\CorsiDSI\Project\ofmc\bm-impl\ofmc.exe --numSess 2 --noowngoal  .\single-typed\Fresh_from_A_with_DH\Fresh_from_A_with_DH_01.AnB,2025-11-05 15:49:50.741393,2025-11-05 15:49:55.810307,5069,completed,N/A,7,NO_ATTACK,0fb93da0996e4b83779e68ed25a77833,1,A *-> B: Msg
PCM,Fresh_from_A_with_DH_03,2,0,typed,ofmc,2022,N:\CorsiDSI\Project\ofmc\bm-impl\ofmc.exe --numSess 2 --noowngoal  .\single-typed\Fresh_from_A_with_DH\Fresh_from_A_with_DH_03.AnB,2025-11-05 15:49:50.932394,2025-11-05 15:49:55.986306,5054,completed,N/A,7,NO_ATTACK,6033cf189b5439547d83eed3e1ac8721,1,A *-> B: NxB
PCM,Goss_04,2,0,typed,ofmc,2022,N:\CorsiDSI\Project\ofmc\bm-impl\ofmc.exe --numSess 2 --noowngoal  .\single-typed\Goss\Goss_04.AnB,2025-11-05 15:49:53.816581,2025-11-05 15:50:05.643766,11827,completed,N/A,7,NO_ATTACK,b8be18183a60c3c41847b503a5fc8ec3,1,B ->* A: RB
PCM,Goss_03,2,0,typed,ofmc,2022,N:\CorsiDSI\Project\ofmc\bm-impl\ofmc.exe --numSess 2 --noowngoal  .\single-typed\Goss\Goss_03.AnB,2025-11-05 15:49:53.769581,2025-11-05 15:50:05.667769,11898,completed,N/A,7,NO_ATTACK,51d67e403b88b07d1cd557ec814f6417,1,A ->* B: RA
PCM,Hash_01,2,0,typed,ofmc,2022,N:\CorsiDSI\Project\ofmc\bm-impl\ofmc.exe --numSess 2 --noowngoal  .\single-typed\Hash\Hash_01.AnB,2025-11-05 15:50:05.672766,2025-11-05 15:50:05.749945,77,completed,N/A,7,NO_ATTACK,4da7bc4f44a55f18bede0924512d2d7a,1,A -> B: hash(Msg)
PCM,Hmac_01,2,0,typed,ofmc,2022,N:\CorsiDSI\Project\ofmc\bm-impl\ofmc.exe --numSess 2 --noowngoal  .\single-typed\Hmac\Hmac_01.AnB,2025-11-05 15:50:05.762943,2025-11-05 15:50:05.890943,128,completed,N/A,7,NO_ATTACK,50fbe719299c531b57a5a9f692ac5b25,1,"A -> B: hmac(Msg,shk(A,B))"
PCM,H530_01,2,0,typed,ofmc,2022,N:\CorsiDSI\Project\ofmc\bm-impl\ofmc.exe --numSess 2 --noowngoal  .\single-typed\H530\H530_01.AnB,2025-11-05 15:49:55.230127,2025-11-05 15:50:12.655481,17425,completed,N/A,7,ATTACK,7c85845e9da412f8b20d95b57cf99e70,1,B authenticates A on M
PCM,H530_02,2,0,typed,ofmc,2022,N:\CorsiDSI\Project\ofmc\bm-impl\ofmc.exe --numSess 2 --noowngoal  .\single-typed\H530\H530_02.AnB,2025-11-05 15:49:55.673128,2025-11-05 15:50:13.114725,17442,completed,N/A,7,ATTACK,e0dad87e9c946882ec301d7df899f618,1,"M secret between A,B"
PCM,IKEv2DS_01,2,0,typed,ofmc,2022,N:\CorsiDSI\Project\ofmc\bm-impl\ofmc.exe --numSess 2 --noowngoal  .\single-typed\IKEv2DS\IKEv2DS_01.AnB,2025-11-05 15:50:05.905944,2025-11-05 15:50:35.836774,29931,completed,N/A,7,NO_ATTACK,568b3e41e9c7d9747ff05e1acfeeef23,1,"A authenticates B on exp(exp(g,XxKEa),YxKEb)"
PCM,Definition_Test_01,2,0,typed,ofmc,2022,N:\CorsiDSI\Project\ofmc\bm-impl\ofmc.exe --numSess 2 --noowngoal  .\single-typed\Definition_Test\Definition_Test_01.AnB,2025-11-05 15:49:27.660989,2025-11-05 15:50:36.090775,68430,completed,N/A,7,NO_ATTACK,b9a005c424eed54ec4332e1901209a51,1,"A -> B: fun2(A,Msg)"
PCM,Insecure_01,2,0,typed,ofmc,2022,N:\CorsiDSI\Project\ofmc\bm-impl\ofmc.exe --numSess 2 --noowngoal  .\single-typed\Insecure\Insecure_01.AnB,2025-11-05 15:50:36.102774,2025-11-05 15:50:36.160776,58,completed,N/A,7,NO_ATTACK,665ea1c37260f801a81f07927be639e7,1,A -> B: Msg
PCM,Insecure_02,2,0,typed,ofmc,2022,N:\CorsiDSI\Project\ofmc\bm-impl\ofmc.exe --numSess 2 --noowngoal  .\single-typed\Insecure\Insecure_02.AnB,2025-11-05 15:50:36.172776,2025-11-05 15:50:36.217772,45,completed,N/A,7,ATTACK,a2fd5ce43552b8be074e0993700f0480,1,A ->* B: Msg
PCM,Insecure_Const_01,2,0,typed,ofmc,2022,N:\CorsiDSI\Project\ofmc\bm-impl\ofmc.exe --numSess 2 --noowngoal  .\single-typed\Insecure_Const\Insecure_Const_01.AnB,2025-11-05 15:50:36.230961,2025-11-05 15:50:36.284960,54,completed,N/A,7,NO_ATTACK,4a2007570bd83ccb55c553af7f42836f,1,A -> B: msg
PCM,Insecure_Const_02,2,0,typed,ofmc,2022,N:\CorsiDSI\Project\ofmc\bm-impl\ofmc.exe --numSess 2 --noowngoal  .\single-typed\Insecure_Const\Insecure_Const_02.AnB,2025-11-05 15:50:36.297960,2025-11-05 15:50:36.367960,70,completed,N/A,7,ATTACK,ac71c054264dda767b94677b5ffb2e68,1,A ->* B: msg
PCM,H530fix_01,2,0,typed,ofmc,2022,N:\CorsiDSI\Project\ofmc\bm-impl\ofmc.exe --numSess 2 --noowngoal  .\single-typed\H530fix\H530fix_01.AnB,2025-11-05 15:49:55.822308,2025-11-05 15:50:36.751166,40929,completed,N/A,7,NO_ATTACK,2b97a87458de5f018512b8eb9771da86,1,A *->* B: M
PCM,H530fix_02,2,0,typed,ofmc,2022,N:\CorsiDSI\Project\ofmc\bm-impl\ofmc.exe --numSess 2 --noowngoal  .\single-typed\H530fix\H530fix_02.AnB,2025-11-05 15:49:55.999308,2025-11-05 15:50:36.845166,40846,completed,N/A,7,NO_ATTACK,beb454570bcc0762fc04ea17b544a7d7,1,B authenticates A on M
PCM,IKEv2DS_02,2,0,typed,ofmc,2022,N:\CorsiDSI\Project\ofmc\bm-impl\ofmc.exe --numSess 2 --noowngoal  .\single-typed\IKEv2DS\IKEv2DS_02.AnB,2025-11-05 15:50:12.669481,2025-11-05 15:50:41.716034,29047,completed,N/A,7,NO_ATTACK,ce2b2baee40f321e3832fe4e9a4cae4e,1,"B authenticates A on exp(exp(g,XxKEa),YxKEb)"
PCM,IKEv2DS_03,2,0,typed,ofmc,2022,N:\CorsiDSI\Project\ofmc\bm-impl\ofmc.exe --numSess 2 --noowngoal  .\single-typed\IKEv2DS\IKEv2DS_03.AnB,2025-11-05 15:50:13.126725,2025-11-05 15:50:42.193213,29066,completed,N/A,7,NO_ATTACK,efec118d4347ee29c376d365aa1de0f5,1,"exp(exp(g,XxKEa),YxKEb) secret between A,B"
PCM,ISO4pass_04,2,0,typed,ofmc,2022,N:\CorsiDSI\Project\ofmc\bm-impl\ofmc.exe --numSess 2 --noowngoal  .\single-typed\ISO4pass\ISO4pass_04.AnB,2025-11-05 15:50:41.730034,2025-11-05 15:50:42.550368,820,completed,N/A,7,ATTACK,237a2dc0d61c06f9c7bed5f12992e50f,1,"B weakly authenticates s on KAB,A"
PCM,H530fix_03,2,0,typed,ofmc,2022,N:\CorsiDSI\Project\ofmc\bm-impl\ofmc.exe --numSess 2 --noowngoal  .\single-typed\H530fix\H530fix_03.AnB,2025-11-05 15:50:05.656768,2025-11-05 15:50:45.450410,39794,completed,N/A,7,NO_ATTACK,76e8d9a2dcc7f14de528ae35c251d495,1,"M secret between A,B"
PCM,ISO5pass_01,2,0,typed,ofmc,2022,N:\CorsiDSI\Project\ofmc\bm-impl\ofmc.exe --numSess 2 --noowngoal  .\single-typed\ISO5pass\ISO5pass_01.AnB,2025-11-05 15:50:45.462412,2025-11-05 15:50:47.583283,2121,completed,N/A,7,ATTACK,4f0af0cdd1f780fba1306b109de47ae1,1,"B authenticates s on KAB,A"
PCM,ISO5pass_02,2,0,typed,ofmc,2022,N:\CorsiDSI\Project\ofmc\bm-impl\ofmc.exe --numSess 2 --noowngoal  .\single-typed\ISO5pass\ISO5pass_02.AnB,2025-11-05 15:50:47.596283,2025-11-05 15:50:48.884898,1289,completed,N/A,7,ATTACK,6ff28bbb3d3edcbc08a3534b1bdee353,1,"A authenticates s on KAB,B"
PCM,ISO4pass_01,2,0,typed,ofmc,2022,N:\CorsiDSI\Project\ofmc\bm-impl\ofmc.exe --numSess 2 --noowngoal  .\single-typed\ISO4pass\ISO4pass_01.AnB,2025-11-05 15:50:36.379960,2025-11-05 15:51:01.702962,25323,completed,N/A,7,NO_ATTACK,b20a25690a0de0633f089103a99d2848,1,B weakly authenticates A on KAB
PCM,ISOCCFOnePassUnilateralAuthProt_01,2,0,typed,ofmc,2022,N:\CorsiDSI\Project\ofmc\bm-impl\ofmc.exe --numSess 2 --noowngoal  .\single-typed\ISOCCFOnePassUnilateralAuthProt\ISOCCFOnePassUnilateralAuthProt_01.AnB,2025-11-05 15:51:01.716961,2025-11-05 15:51:01.882132,165,completed,N/A,7,NO_ATTACK,8ec0da5d7ddaebb0d8b9c147de49131a,1,B weakly authenticates A on Text1
PCM,ISO4pass_02,2,0,typed,ofmc,2022,N:\CorsiDSI\Project\ofmc\bm-impl\ofmc.exe --numSess 2 --noowngoal  .\single-typed\ISO4pass\ISO4pass_02.AnB,2025-11-05 15:50:36.763167,2025-11-05 15:51:02.339358,25576,completed,N/A,7,NO_ATTACK,135df91b753d6cf9f0ea53ca949a131e,1,A authenticates B on KAB
PCM,ISO4pass_03,2,0,typed,ofmc,2022,N:\CorsiDSI\Project\ofmc\bm-impl\ofmc.exe --numSess 2 --noowngoal  .\single-typed\ISO4pass\ISO4pass_03.AnB,2025-11-05 15:50:36.859167,2025-11-05 15:51:02.435357,25576,completed,N/A,7,NO_ATTACK,f21417b1e625d88ef4483de17640444d,1,B *-> A: KAB
PCM,ISOCCFTwoPassMutualAuthProtCorr_01,2,0,typed,ofmc,2022,N:\CorsiDSI\Project\ofmc\bm-impl\ofmc.exe --numSess 2 --noowngoal  .\single-typed\ISOCCFTwoPassMutualAuthProtCorr\ISOCCFTwoPassMutualAuthProtCorr_01.AnB,2025-11-05 15:51:02.446360,2025-11-05 15:51:02.566359,120,completed,N/A,7,ATTACK,f403cd0e8211605b6b6f3f1f801cd5cf,1,B weakly authenticates A on Text1
PCM,ISOCCFTwoPassMutualAuthProtCorr_02,2,0,typed,ofmc,2022,N:\CorsiDSI\Project\ofmc\bm-impl\ofmc.exe --numSess 2 --noowngoal  .\single-typed\ISOCCFTwoPassMutualAuthProtCorr\ISOCCFTwoPassMutualAuthProtCorr_02.AnB,2025-11-05 15:51:02.582357,2025-11-05 15:51:02.849549,267,completed,N/A,7,NO_ATTACK,a04e78476268b0c4c79bc7537754fb9f,1,A weakly authenticates B on Text3
PCM,ISOCCFTwoPassUnilateralAuthProt_01,2,0,typed,ofmc,2022,N:\CorsiDSI\Project\ofmc\bm-impl\ofmc.exe --numSess 2 --noowngoal  .\single-typed\ISOCCFTwoPassUnilateralAuthProt\ISOCCFTwoPassUnilateralAuthProt_01.AnB,2025-11-05 15:51:02.863552,2025-11-05 15:51:03.094548,231,completed,N/A,7,NO_ATTACK,4c1767e99f7d1e1122407aab192d832e,1,A *-> B: Text2
PCM,ISOCCFThreePassMutual_01,2,0,typed,ofmc,2022,N:\CorsiDSI\Project\ofmc\bm-impl\ofmc.exe --numSess 2 --noowngoal  .\single-typed\ISOCCFThreePassMutual\ISOCCFThreePassMutual_01.AnB,2025-11-05 15:51:01.895131,2025-11-05 15:51:05.319571,3424,completed,N/A,7,NO_ATTACK,b666d1b5f59f90c7c383ab8cf3fbd3b8,1,A *-> B: Text2
PCM,ISOCCFThreePassMutual_02,2,0,typed,ofmc,2022,N:\CorsiDSI\Project\ofmc\bm-impl\ofmc.exe --numSess 2 --noowngoal  .\single-typed\ISOCCFThreePassMutual\ISOCCFThreePassMutual_02.AnB,2025-11-05 15:51:02.352359,2025-11-05 15:51:05.772810,3420,completed,N/A,7,NO_ATTACK,b6f5e6cd299cbef85e7f2bfe7835254e,1,B *-> A: Text4
PCM,IKEv2DS_04,2,0,typed,ofmc,2022,N:\CorsiDSI\Project\ofmc\bm-impl\ofmc.exe --numSess 2 --noowngoal  .\single-typed\IKEv2DS\IKEv2DS_04.AnB,2025-11-05 15:50:35.850776,2025-11-05 15:51:05.833812,29983,completed,N/A,7,NO_ATTACK,5848f076eb2fbf30caa71ee7f759be1b,1,A *->* B: M1
PCM,ISO4pass_05,2,0,typed,ofmc,2022,N:\CorsiDSI\Project\ofmc\bm-impl\ofmc.exe --numSess 2 --noowngoal  .\single-typed\ISO4pass\ISO4pass_05.AnB,2025-11-05 15:50:42.205213,2025-11-05 15:51:07.615433,25410,completed,N/A,7,NO_ATTACK,6e104022d7447a07bf5b7d50e830e0c0,1,"A authenticates s on KAB,B"
PCM,ISO4pass_06,2,0,typed,ofmc,2022,N:\CorsiDSI\Project\ofmc\bm-impl\ofmc.exe --numSess 2 --noowngoal  .\single-typed\ISO4pass\ISO4pass_06.AnB,2025-11-05 15:50:42.562368,2025-11-05 15:51:08.722839,26160,completed,N/A,7,NO_ATTACK,d0509d2e4199c27517f834f748ea82ca,1,"KAB secret between A,B,s"
PCM,ISOpubKeyTwoPassUnilateralAuthProt_01,2,0,typed,ofmc,2022,N:\CorsiDSI\Project\ofmc\bm-impl\ofmc.exe --numSess 2 --noowngoal  .\single-typed\ISOpubKeyTwoPassUnilateralAuthProt\ISOpubKeyTwoPassUnilateralAuthProt_01.AnB,2025-11-05 15:51:08.735840,2025-11-05 15:51:09.009000,273,completed,N/A,7,ATTACK,a785b6e98c5291996cbb86b69af8aca2,1,A *-> B: Text2
PCM,ISOsymKeyOnePassUnilateralAuthProt_01,2,0,typed,ofmc,2022,N:\CorsiDSI\Project\ofmc\bm-impl\ofmc.exe --numSess 2 --noowngoal  .\single-typed\ISOsymKeyOnePassUnilateralAuthProt\ISOsymKeyOnePassUnilateralAuthProt_01.AnB,2025-11-05 15:51:09.035000,2025-11-05 15:51:09.151999,117,completed,N/A,7,NO_ATTACK,398285e5b873eead7a3524e5ad87c7bb,1,B weakly authenticates A on Text1
PCM,ISO5pass_03,2,0,typed,ofmc,2022,N:\CorsiDSI\Project\ofmc\bm-impl\ofmc.exe --numSess 2 --noowngoal  .\single-typed\ISO5pass\ISO5pass_03.AnB,2025-11-05 15:50:48.897898,2025-11-05 15:51:09.329161,20431,completed,N/A,7,NO_ATTACK,1fbc5b5a0794179bfd1758c32a6e09e8,1,"KAB secret between A,B,s"
PCM,ISOsymKeyThreePassMutual_01,2,0,typed,ofmc,2022,N:\CorsiDSI\Project\ofmc\bm-impl\ofmc.exe --numSess 2 --noowngoal  .\single-typed\ISOsymKeyThreePassMutual\ISOsymKeyThreePassMutual_01.AnB,2025-11-05 15:51:09.162999,2025-11-05 15:51:11.602927,2440,completed,N/A,7,NO_ATTACK,0b123c6765dddd016224bdbf1a89b3ad,1,A *-> B: Text2
PCM,ISOsymKeyThreePassMutual_02,2,0,typed,ofmc,2022,N:\CorsiDSI\Project\ofmc\bm-impl\ofmc.exe --numSess 2 --noowngoal  .\single-typed\ISOsymKeyThreePassMutual\ISOsymKeyThreePassMutual_02.AnB,2025-11-05 15:51:09.341161,2025-11-05 15:51:11.840095,2499,completed,N/A,7,NO_ATTACK,976776519745087836430c180cb4c1e5,1,B *-> A: Text4
PCM,ISOpubKeyTwoPassMutualAuthProt_02,2,0,typed,ofmc,2022,N:\CorsiDSI\Project\ofmc\bm-impl\ofmc.exe --numSess 2 --noowngoal  .\single-typed\ISOpubKeyTwoPassMutualAuthProt\ISOpubKeyTwoPassMutualAuthProt_02.AnB,2025-11-05 15:51:05.786809,2025-11-05 15:51:12.115095,6328,completed,N/A,7,ATTACK,443477e8b899e24e03dc5767bd9ca27e,1,A weakly authenticates B on Text3
PCM,ISOsymKeyTwoPassMutualAuthProtCorr_01,2,0,typed,ofmc,2022,N:\CorsiDSI\Project\ofmc\bm-impl\ofmc.exe --numSess 2 --noowngoal  .\single-typed\ISOsymKeyTwoPassMutualAuthProtCorr\ISOsymKeyTwoPassMutualAuthProtCorr_01.AnB,2025-11-05 15:51:11.611928,2025-11-05 15:51:12.221095,609,completed,33755136,7,NO_ATTACK,042889b793dcce5c326136cae2c97fc3,1,A weakly authenticates B on Text3
PCM,ISOsymKeyTwoPassMutualAuthProtCorr_02,2,0,typed,ofmc,2022,N:\CorsiDSI\Project\ofmc\bm-impl\ofmc.exe --numSess 2 --noowngoal  .\single-typed\ISOsymKeyTwoPassMutualAuthProtCorr\ISOsymKeyTwoPassMutualAuthProtCorr_02.AnB,2025-11-05 15:51:11.851095,2025-11-05 15:51:12.497258,646,completed,N/A,7,NO_ATTACK,6547a33a9338a495dc50b43a29d5b07a,1,B weakly authenticates A on Text1
PCM,KeyEx1_01,2,0,typed,ofmc,2022,N:\CorsiDSI\Project\ofmc\bm-impl\ofmc.exe --numSess 2 --noowngoal  .\single-typed\KeyEx1\KeyEx1_01.AnB,2025-11-05 15:51:12.508258,2025-11-05 15:51:12.626259,118,completed,N/A,7,ATTACK,7e65eb9109d8527fdf77b6dcdc1662b6,1,"A authenticates s on KAB,B"
PCM,KeyEx1_02,2,0,typed,ofmc,2022,N:\CorsiDSI\Project\ofmc\bm-impl\ofmc.exe --numSess 2 --noowngoal  .\single-typed\KeyEx1\KeyEx1_02.AnB,2025-11-05 15:51:12.639260,2025-11-05 15:51:12.702258,63,completed,N/A,7,ATTACK,8a1da58a7e697161a2f9ae388329b924,1,"B authenticates s on KAB,A"
PCM,ISOsymKeyTwoPassUnilateralAuthProt_01,2,0,typed,ofmc,2022,N:\CorsiDSI\Project\ofmc\bm-impl\ofmc.exe --numSess 2 --noowngoal  .\single-typed\ISOsymKeyTwoPassUnilateralAuthProt\ISOsymKeyTwoPassUnilateralAuthProt_01.AnB,2025-11-05 15:51:12.137096,2025-11-05 15:51:12.777422,640,completed,N/A,7,NO_ATTACK,a74fbc1c9cdd5865c1d4ae7c727308a0,1,A *-> B: Text2
PCM,KeyEx1_03,2,0,typed,ofmc,2022,N:\CorsiDSI\Project\ofmc\bm-impl\ofmc.exe --numSess 2 --noowngoal  .\single-typed\KeyEx1\KeyEx1_03.AnB,2025-11-05 15:51:12.714260,2025-11-05 15:51:12.808421,94,completed,N/A,7,ATTACK,e2dcebe67a08f6f25348f0c83c6e56cb,1,"KAB secret between A,B,s"
PCM,KeyEx2_02,2,0,typed,ofmc,2022,N:\CorsiDSI\Project\ofmc\bm-impl\ofmc.exe --numSess 2 --noowngoal  .\single-typed\KeyEx2\KeyEx2_02.AnB,2025-11-05 15:51:12.813421,2025-11-05 15:51:12.933421,120,completed,N/A,7,ATTACK,956bced5d0204df088c5f5ac7d3cd1e0,1,"B authenticates s on KAB,A"
PCM,KeyEx2_01,2,0,typed,ofmc,2022,N:\CorsiDSI\Project\ofmc\bm-impl\ofmc.exe --numSess 2 --noowngoal  .\single-typed\KeyEx2\KeyEx2_01.AnB,2025-11-05 15:51:12.789425,2025-11-05 15:51:13.018421,229,completed,N/A,7,ATTACK,3be894d41290b37b3bf61c6b213d06d9,1,"A authenticates s on KAB,B"
PCM,KeyEx2_03,2,0,typed,ofmc,2022,N:\CorsiDSI\Project\ofmc\bm-impl\ofmc.exe --numSess 2 --noowngoal  .\single-typed\KeyEx2\KeyEx2_03.AnB,2025-11-05 15:51:12.944421,2025-11-05 15:51:13.124422,180,completed,N/A,7,ATTACK,f187c615a9247e051187130f0f36570d,1,"KAB secret between A,B,s"
PCM,KeyEx3_02,2,0,typed,ofmc,2022,N:\CorsiDSI\Project\ofmc\bm-impl\ofmc.exe --numSess 2 --noowngoal  .\single-typed\KeyEx3\KeyEx3_02.AnB,2025-11-05 15:51:13.149423,2025-11-05 15:51:13.290595,141,completed,N/A,7,ATTACK,c0d54a39516258ed2005070ffa4b257a,1,"B authenticates s on KAB,A"
PCM,KeyEx3_01,2,0,typed,ofmc,2022,N:\CorsiDSI\Project\ofmc\bm-impl\ofmc.exe --numSess 2 --noowngoal  .\single-typed\KeyEx3\KeyEx3_01.AnB,2025-11-05 15:51:13.029422,2025-11-05 15:51:13.304593,275,completed,N/A,7,ATTACK,de28cffd24a4a0245bb1a2a22d8ae151,1,"A authenticates s on KAB,B"
PCM,KeyEx3b_01,2,0,typed,ofmc,2022,N:\CorsiDSI\Project\ofmc\bm-impl\ofmc.exe --numSess 2 --noowngoal  .\single-typed\KeyEx3b\KeyEx3b_01.AnB,2025-11-05 15:51:13.310592,2025-11-05 15:51:14.267939,957,completed,N/A,7,ATTACK,da804562201a9e88f4b40dd583d68e64,1,"A authenticates s on KAB,B"
PCM,KeyEx3b_02,2,0,typed,ofmc,2022,N:\CorsiDSI\Project\ofmc\bm-impl\ofmc.exe --numSess 2 --noowngoal  .\single-typed\KeyEx3b\KeyEx3b_02.AnB,2025-11-05 15:51:14.280940,2025-11-05 15:51:14.529939,249,completed,N/A,7,ATTACK,a62f84942be503f41589a061f63da877,1,"B authenticates s on KAB,A"
PCM,ISOpubKeyTwoPassMutualAuthProt_01,2,0,typed,ofmc,2022,N:\CorsiDSI\Project\ofmc\bm-impl\ofmc.exe --numSess 2 --noowngoal  .\single-typed\ISOpubKeyTwoPassMutualAuthProt\ISOpubKeyTwoPassMutualAuthProt_01.AnB,2025-11-05 15:51:05.335570,2025-11-05 15:51:14.909123,9574,completed,N/A,7,ATTACK,5735bdf220432cd000ddebdf7ab89594,1,B weakly authenticates A on Text1
PCM,ISOpubKeyOnePassUnilateralAuthProt_01,2,0,typed,ofmc,2022,N:\CorsiDSI\Project\ofmc\bm-impl\ofmc.exe --numSess 2 --noowngoal  .\single-typed\ISOpubKeyOnePassUnilateralAuthProt\ISOpubKeyOnePassUnilateralAuthProt_01.AnB,2025-11-05 15:51:03.103551,2025-11-05 15:51:15.400343,12297,completed,376672256,7,NO_ATTACK,5156f8e83a47c32c8bca5ec10fdb3220,1,B weakly authenticates A on Text1
PCM,KeyEx4_02,2,0,typed,ofmc,2022,N:\CorsiDSI\Project\ofmc\bm-impl\ofmc.exe --numSess 2 --noowngoal  .\single-typed\KeyEx4\KeyEx4_02.AnB,2025-11-05 15:51:15.409343,2025-11-05 15:51:16.739754,1330,completed,N/A,7,ATTACK,40dc486ecf13d15c52d36bb0dbe68184,1,"B authenticates s on KAB,A"
PCM,KeyEx3b_03,2,0,typed,ofmc,2022,N:\CorsiDSI\Project\ofmc\bm-impl\ofmc.exe --numSess 2 --noowngoal  .\single-typed\KeyEx3b\KeyEx3b_03.AnB,2025-11-05 15:51:14.540941,2025-11-05 15:51:18.181275,3640,completed,N/A,7,NO_ATTACK,82a5706451acae5ebe367e235280e216,1,"KAB secret between A,B,s"
PCM,KeyEx3_03,2,0,typed,ofmc,2022,N:\CorsiDSI\Project\ofmc\bm-impl\ofmc.exe --numSess 2 --noowngoal  .\single-typed\KeyEx3\KeyEx3_03.AnB,2025-11-05 15:51:13.300593,2025-11-05 15:51:18.663464,5363,completed,N/A,7,NO_ATTACK,7bdaaf7b0c920bcdb6da1dd5f1085f8c,1,"KAB secret between A,B,s"
PCM,KeyEx4b_02,2,0,typed,ofmc,2022,N:\CorsiDSI\Project\ofmc\bm-impl\ofmc.exe --numSess 2 --noowngoal  .\single-typed\KeyEx4b\KeyEx4b_02.AnB,2025-11-05 15:51:18.674466,2025-11-05 15:51:19.268821,594,completed,N/A,7,ATTACK,65e7143af5719ab21340e083b08bfa98,1,"B authenticates s on KAB,A"
PCM,KeyEx4b_01,2,0,typed,ofmc,2022,N:\CorsiDSI\Project\ofmc\bm-impl\ofmc.exe --numSess 2 --noowngoal  .\single-typed\KeyEx4b\KeyEx4b_01.AnB,2025-11-05 15:51:18.195276,2025-11-05 15:51:19.915003,1720,completed,N/A,7,NO_ATTACK,9ecee6d3b610f01b16db2a4d66a2eb60,1,"A authenticates s on KAB,B"
PCM,KeyEx5_01,2,0,typed,ofmc,2022,N:\CorsiDSI\Project\ofmc\bm-impl\ofmc.exe --numSess 2 --noowngoal  .\single-typed\KeyEx5\KeyEx5_01.AnB,2025-11-05 15:51:19.928004,2025-11-05 15:51:20.224002,296,completed,N/A,7,ATTACK,3ece696841df61ed34dfc48ef5790bb2,1,"A authenticates s on KAB,B"
PCM,KeyEx4_01,2,0,typed,ofmc,2022,N:\CorsiDSI\Project\ofmc\bm-impl\ofmc.exe --numSess 2 --noowngoal  .\single-typed\KeyEx4\KeyEx4_01.AnB,2025-11-05 15:51:14.922123,2025-11-05 15:51:20.394176,5472,completed,N/A,7,ATTACK,9ac032ccb79c5083f8f6f87f3b06b43e,1,"A authenticates s on KAB,B"
PCM,KeyEx5_02,2,0,typed,ofmc,2022,N:\CorsiDSI\Project\ofmc\bm-impl\ofmc.exe --numSess 2 --noowngoal  .\single-typed\KeyEx5\KeyEx5_02.AnB,2025-11-05 15:51:20.237003,2025-11-05 15:51:20.561176,324,completed,N/A,7,ATTACK,3fff4461840a1c42ed904940d25ef401,1,"B authenticates s on KAB,A"
PCM,KeyEx4b_03,2,0,typed,ofmc,2022,N:\CorsiDSI\Project\ofmc\bm-impl\ofmc.exe --numSess 2 --noowngoal  .\single-typed\KeyEx4b\KeyEx4b_03.AnB,2025-11-05 15:51:19.280822,2025-11-05 15:51:20.995372,1715,completed,N/A,7,NO_ATTACK,af4b099bcddb0fec97a18a1c5a087e17,1,"KAB secret between A,B,s"
PCM,KeyEx5b_01,2,0,typed,ofmc,2022,N:\CorsiDSI\Project\ofmc\bm-impl\ofmc.exe --numSess 2 --noowngoal  .\single-typed\KeyEx5b\KeyEx5b_01.AnB,2025-11-05 15:51:20.575180,2025-11-05 15:51:21.499558,924,completed,N/A,7,ATTACK,392d427b1799222baa2604dd9b958990,1,"A authenticates s on KAB,B"
PCM,KeyEx5b_02,2,0,typed,ofmc,2022,N:\CorsiDSI\Project\ofmc\bm-impl\ofmc.exe --numSess 2 --noowngoal  .\single-typed\KeyEx5b\KeyEx5b_02.AnB,2025-11-05 15:51:21.007374,2025-11-05 15:51:21.978749,971,completed,N/A,7,ATTACK,530a6e976990e7b398d3e4abc4ff81ca,1,"B authenticates s on KAB,A"
PCM,KeyEx5c_01,2,0,typed,ofmc,2022,N:\CorsiDSI\Project\ofmc\bm-impl\ofmc.exe --numSess 2 --noowngoal  .\single-typed\KeyEx5c\KeyEx5c_01.AnB,2025-11-05 15:51:21.991749,2025-11-05 15:51:24.355768,2364,completed,N/A,7,NO_ATTACK,101259e98adaab51b99c27368f27f82c,1,"A authenticates s on KAB,B"
PCM,KeyEx5_03,2,0,typed,ofmc,2022,N:\CorsiDSI\Project\ofmc\bm-impl\ofmc.exe --numSess 2 --noowngoal  .\single-typed\KeyEx5\KeyEx5_03.AnB,2025-11-05 15:51:20.407176,2025-11-05 15:51:24.897974,4491,completed,N/A,7,NO_ATTACK,f606cea84f451b6395bc6635ba9834e7,1,"KAB secret between A,B,s"
PCM,KeyEx5b_03,2,0,typed,ofmc,2022,N:\CorsiDSI\Project\ofmc\bm-impl\ofmc.exe --numSess 2 --noowngoal  .\single-typed\KeyEx5b\KeyEx5b_03.AnB,2025-11-05 15:51:21.518557,2025-11-05 15:51:25.100976,3582,completed,N/A,7,NO_ATTACK,cbc55706940b414e76ec4f40fb5307e5,1,"KAB secret between A,B,s"
PCM,Kerberos_PKINIT_01,2,0,typed,ofmc,2022,N:\CorsiDSI\Project\ofmc\bm-impl\ofmc.exe --numSess 2 --noowngoal  .\single-typed\Kerberos_PKINIT\Kerberos_PKINIT_01.AnB,2025-11-05 15:51:12.234095,2025-11-05 15:51:25.703155,13469,completed,N/A,7,ATTACK,748605fca50e8782c7acd6a32b605907,1,s *->* C: Payload
PCM,KeyEx5c_02,2,0,typed,ofmc,2022,N:\CorsiDSI\Project\ofmc\bm-impl\ofmc.exe --numSess 2 --noowngoal  .\single-typed\KeyEx5c\KeyEx5c_02.AnB,2025-11-05 15:51:24.369765,2025-11-05 15:51:27.020720,2651,completed,N/A,7,NO_ATTACK,0786d6d26a47c1db0dcfaa11d682ade3,1,"B authenticates s on KAB,A"
PCM,KeyEx6_01,2,0,typed,ofmc,2022,N:\CorsiDSI\Project\ofmc\bm-impl\ofmc.exe --numSess 2 --noowngoal  .\single-typed\KeyEx6\KeyEx6_01.AnB,2025-11-05 15:51:25.114976,2025-11-05 15:51:27.299917,2185,completed,N/A,7,NO_ATTACK,405fdfbab547cf94004a5601c2d95efc,1,"A authenticates s on KAB,B"
PCM,KeyEx5c_03,2,0,typed,ofmc,2022,N:\CorsiDSI\Project\ofmc\bm-impl\ofmc.exe --numSess 2 --noowngoal  .\single-typed\KeyEx5c\KeyEx5c_03.AnB,2025-11-05 15:51:24.912975,2025-11-05 15:51:27.543920,2631,completed,N/A,7,NO_ATTACK,92fb0908b8d91446e9c94e5a5b84c2af,1,"KAB secret between A,B,s"
PCM,MultiEncrypt_01,2,0,typed,ofmc,2022,N:\CorsiDSI\Project\ofmc\bm-impl\ofmc.exe --numSess 2 --noowngoal  .\single-typed\MultiEncrypt\MultiEncrypt_01.AnB,2025-11-05 15:51:27.557915,2025-11-05 15:51:27.783092,225,completed,N/A,7,ATTACK,e422987d879a54fe1c280d86dea45d5a,1,"Nonce1 secret between A,B"
PCM,KeyEx6_02,2,0,typed,ofmc,2022,N:\CorsiDSI\Project\ofmc\bm-impl\ofmc.exe --numSess 2 --noowngoal  .\single-typed\KeyEx6\KeyEx6_02.AnB,2025-11-05 15:51:25.717159,2025-11-05 15:51:27.969090,2252,completed,97566720,7,NO_ATTACK,68594ac16a8b1e417ee9e161d0f67ff5,1,"B authenticates s on KAB,A"
PCM,MultiEncrypt_02,2,0,typed,ofmc,2022,N:\CorsiDSI\Project\ofmc\bm-impl\ofmc.exe --numSess 2 --noowngoal  .\single-typed\MultiEncrypt\MultiEncrypt_02.AnB,2025-11-05 15:51:27.811093,2025-11-05 15:51:28.026093,215,completed,N/A,7,ATTACK,4f756f81980206ca1fb621899a3f14a9,1,"Nonce2 secret between A,B"
PCM,NonReversible_01,2,0,typed,ofmc,2022,N:\CorsiDSI\Project\ofmc\bm-impl\ofmc.exe --numSess 2 --noowngoal  .\single-typed\NonReversible\NonReversible_01.AnB,2025-11-05 15:51:27.985093,2025-11-05 15:51:28.713275,728,completed,N/A,7,NO_ATTACK,7019bcdaef2e7a7b75aae91fca72dcab,1,A *->* B: NxA
PCM,NonReversible_02,2,0,typed,ofmc,2022,N:\CorsiDSI\Project\ofmc\bm-impl\ofmc.exe --numSess 2 --noowngoal  .\single-typed\NonReversible\NonReversible_02.AnB,2025-11-05 15:51:28.033092,2025-11-05 15:51:28.779474,746,completed,N/A,7,NO_ATTACK,6572f62e4ebca4730870866df078c67b,1,B *-> A: NxB
PCM,KeyEx6_03,2,0,typed,ofmc,2022,N:\CorsiDSI\Project\ofmc\bm-impl\ofmc.exe --numSess 2 --noowngoal  .\single-typed\KeyEx6\KeyEx6_03.AnB,2025-11-05 15:51:27.033722,2025-11-05 15:51:29.330677,2297,completed,N/A,7,NO_ATTACK,33288eafa237c92cf4a291499075d439,1,"KAB secret between A,B,s"
PCM,Latex_Test_01,2,0,typed,ofmc,2022,N:\CorsiDSI\Project\ofmc\bm-impl\ofmc.exe --numSess 2 --noowngoal  .\single-typed\Latex_Test\Latex_Test_01.AnB,2025-11-05 15:51:27.311916,2025-11-05 15:51:29.547675,2236,completed,N/A,7,NO_ATTACK,d70f4d643af0a58e11fbb01093f54b2f,1,A -> B: N
PCM,NSCK_04,2,0,typed,ofmc,2022,N:\CorsiDSI\Project\ofmc\bm-impl\ofmc.exe --numSess 2 --noowngoal  .\single-typed\NSCK\NSCK_04.AnB,2025-11-05 15:51:29.572677,2025-11-05 15:51:30.142885,570,completed,N/A,7,ATTACK,6128bf70aaeab8e1cfc6b7550bbe25f0,1,B authenticates s on KAB
PCM,NSCK_01,2,0,typed,ofmc,2022,N:\CorsiDSI\Project\ofmc\bm-impl\ofmc.exe --numSess 2 --noowngoal  .\single-typed\NSCK\NSCK_01.AnB,2025-11-05 15:51:28.724276,2025-11-05 15:51:30.271088,1547,completed,N/A,7,NO_ATTACK,0aaf1a85112ffd4bdf8640002ae02239,1,B *->* A: NB
PCM,NSCK_02,2,0,typed,ofmc,2022,N:\CorsiDSI\Project\ofmc\bm-impl\ofmc.exe --numSess 2 --noowngoal  .\single-typed\NSCK\NSCK_02.AnB,2025-11-05 15:51:28.794477,2025-11-05 15:51:30.356088,1562,completed,N/A,7,NO_ATTACK,34f1058ce5c7f16e0702cec69ceb66d8,1,B weakly authenticates A on NB
PCM,NSCK_03,2,0,typed,ofmc,2022,N:\CorsiDSI\Project\ofmc\bm-impl\ofmc.exe --numSess 2 --noowngoal  .\single-typed\NSCK\NSCK_03.AnB,2025-11-05 15:51:29.342677,2025-11-05 15:51:31.004306,1662,completed,N/A,7,NO_ATTACK,870ed21c52c395c5eaa9a2147799e411,1,A authenticates s on KAB
PCM,NSL_01,2,0,typed,ofmc,2022,N:\CorsiDSI\Project\ofmc\bm-impl\ofmc.exe --numSess 2 --noowngoal  .\single-typed\NSL\NSL_01.AnB,2025-11-05 15:51:30.156885,2025-11-05 15:51:31.019306,862,completed,N/A,7,NO_ATTACK,22d3b1d75f115f7bbfcc9ead5222c67d,1,A *->* B: NxNA
PCM,NSL_02,2,0,typed,ofmc,2022,N:\CorsiDSI\Project\ofmc\bm-impl\ofmc.exe --numSess 2 --noowngoal  .\single-typed\NSL\NSL_02.AnB,2025-11-05 15:51:30.284086,2025-11-05 15:51:31.153309,869,completed,N/A,7,NO_ATTACK,ae2637bc8db8ffc9026bc5ec12ac2fff,1,B *->* A: NxNB
PCM,KeyEx4_03,2,0,typed,ofmc,2022,N:\CorsiDSI\Project\ofmc\bm-impl\ofmc.exe --numSess 2 --noowngoal  .\single-typed\KeyEx4\KeyEx4_03.AnB,2025-11-05 15:51:16.750912,2025-11-05 15:51:34.584737,17834,completed,N/A,7,NO_ATTACK,4a8fabdd9e8e5d7ff840ab057b44a89a,1,"KAB secret between A,B,s"
PCM,ISOpubKeyTwoPassMutualAuthProtCorr_01,2,0,typed,ofmc,2022,N:\CorsiDSI\Project\ofmc\bm-impl\ofmc.exe --numSess 2 --noowngoal  .\single-typed\ISOpubKeyTwoPassMutualAuthProtCorr\ISOpubKeyTwoPassMutualAuthProtCorr_01.AnB,2025-11-05 15:51:05.846812,2025-11-05 15:53:18.604900,132758,completed,N/A,7,NO_ATTACK,710b73763fd14f8941ff0fdaa94d5761,1,B weakly authenticates A on Text1
PCM,ISOpubKeyTwoPassMutualAuthProtCorr_02,2,0,typed,ofmc,2022,N:\CorsiDSI\Project\ofmc\bm-impl\ofmc.exe --numSess 2 --noowngoal  .\single-typed\ISOpubKeyTwoPassMutualAuthProtCorr\ISOpubKeyTwoPassMutualAuthProtCorr_02.AnB,2025-11-05 15:51:07.629433,2025-11-05 15:53:19.644321,132015,completed,N/A,7,NO_ATTACK,9eec927b92598c021915397d32747ef9,1,A weakly authenticates B on Text3
PCM,NSPK_01,2,0,typed,ofmc,2022,N:\CorsiDSI\Project\ofmc\bm-impl\ofmc.exe --numSess 2 --noowngoal  .\single-typed\NSPK\NSPK_01.AnB,2025-11-05 15:53:19.658323,2025-11-05 15:53:19.983549,325,completed,N/A,7,ATTACK,584cc36f38a9399c8bd605ecc15b84b4,1,B authenticates A on NxNA
PCM,NSPK_02,2,0,typed,ofmc,2022,N:\CorsiDSI\Project\ofmc\bm-impl\ofmc.exe --numSess 2 --noowngoal  .\single-typed\NSPK\NSPK_02.AnB,2025-11-05 15:53:19.995551,2025-11-05 15:53:20.867986,872,completed,N/A,7,NO_ATTACK,657a6644452062323cdef223c6a05b3b,1,A authenticates B on NxNB
PCM,NSPK_03,2,0,typed,ofmc,2022,N:\CorsiDSI\Project\ofmc\bm-impl\ofmc.exe --numSess 2 --noowngoal  .\single-typed\NSPK\NSPK_03.AnB,2025-11-05 15:53:20.879987,2025-11-05 15:53:21.189989,310,completed,N/A,7,ATTACK,7ec435af87908a630fe0df7385572f90,1,"NxNA secret between A,B"
PCM,NSPK_04,2,0,typed,ofmc,2022,N:\CorsiDSI\Project\ofmc\bm-impl\ofmc.exe --numSess 2 --noowngoal  .\single-typed\NSPK\NSPK_04.AnB,2025-11-05 15:53:21.205988,2025-11-05 15:53:21.550236,344,completed,N/A,7,ATTACK,229edfcde598bbcf807baa82c1711909,1,"NxNB secret between A,B"
PCM,NSL_KeyServer_03,2,0,typed,ofmc,2022,N:\CorsiDSI\Project\ofmc\bm-impl\ofmc.exe --numSess 2 --noowngoal  .\single-typed\NSL_KeyServer\NSL_KeyServer_03.AnB,2025-11-05 15:51:31.028310,2025-11-05 15:55:08.356468,217328,completed,N/A,7,NO_ATTACK,0a89360c57e975f392fe0b391496ad56,1,"NxNA secret between A,B"
PCM,NSL_KeyServer_04,2,0,typed,ofmc,2022,N:\CorsiDSI\Project\ofmc\bm-impl\ofmc.exe --numSess 2 --noowngoal  .\single-typed\NSL_KeyServer\NSL_KeyServer_04.AnB,2025-11-05 15:51:31.165309,2025-11-05 15:55:11.920000,220755,completed,N/A,7,NO_ATTACK,3446c2b702bb4c5c5f1b55e813a49fe0,1,"NxNB secret between A,B"
PCM,NSL_KeyServer_01,2,0,typed,ofmc,2022,N:\CorsiDSI\Project\ofmc\bm-impl\ofmc.exe --numSess 2 --noowngoal  .\single-typed\NSL_KeyServer\NSL_KeyServer_01.AnB,2025-11-05 15:51:30.370090,2025-11-05 15:55:14.398066,224028,completed,N/A,7,NO_ATTACK,bb885a35520cb975ac09b7ea6c56c29d,1,B authenticates A on NxNA
PCM,NSPK_KeyServer_02,2,0,typed,ofmc,2022,N:\CorsiDSI\Project\ofmc\bm-impl\ofmc.exe --numSess 2 --noowngoal  .\single-typed\NSPK_KeyServer\NSPK_KeyServer_02.AnB,2025-11-05 15:55:08.369469,2025-11-05 15:55:16.901058,8532,completed,N/A,7,ATTACK,1732771c9f6d82beecc6d1afbd3da41f,1,B *->* A: NB
PCM,NSL_KeyServer_02,2,0,typed,ofmc,2022,N:\CorsiDSI\Project\ofmc\bm-impl\ofmc.exe --numSess 2 --noowngoal  .\single-typed\NSL_KeyServer\NSL_KeyServer_02.AnB,2025-11-05 15:51:31.018309,2025-11-05 15:55:24.426173,233408,completed,N/A,7,NO_ATTACK,cdbcce02eb1a0a4ee48a8e4f8f358220,1,A authenticates B on NxNB
PCM,PK_Lookup_01,2,0,typed,ofmc,2022,N:\CorsiDSI\Project\ofmc\bm-impl\ofmc.exe --numSess 2 --noowngoal  .\single-typed\PK_Lookup\PK_Lookup_01.AnB,2025-11-05 15:55:24.440174,2025-11-05 15:55:24.570174,130,completed,N/A,7,NO_ATTACK,ca8998bb38d9d114e8b302c7f7f2f805,1,B ->* A: Msg
PCM,PK_Lookup_honest_01,2,0,typed,ofmc,2022,N:\CorsiDSI\Project\ofmc\bm-impl\ofmc.exe --numSess 2 --noowngoal  .\single-typed\PK_Lookup_honest\PK_Lookup_honest_01.AnB,2025-11-05 15:55:24.581173,2025-11-05 15:55:24.655172,74,completed,N/A,7,NO_ATTACK,b0cc4bd43a3a2aa03eaa271f8b0ec5a0,1,b ->* A: Msg
PCM,Secret_for_B_01,2,0,typed,ofmc,2022,N:\CorsiDSI\Project\ofmc\bm-impl\ofmc.exe --numSess 2 --noowngoal  .\single-typed\Secret_for_B\Secret_for_B_01.AnB,2025-11-05 15:55:24.833174,2025-11-05 15:55:24.902392,69,completed,N/A,7,NO_ATTACK,6a13652adfa8a008dcd481a727259e75,1,A ->* B: Msg
PCM,Secret_for_B_02,2,0,typed,ofmc,2022,N:\CorsiDSI\Project\ofmc\bm-impl\ofmc.exe --numSess 2 --noowngoal  .\single-typed\Secret_for_B\Secret_for_B_02.AnB,2025-11-05 15:55:24.916393,2025-11-05 15:55:24.968394,52,completed,N/A,7,ATTACK,7faeba44214a9900076ca962cbb2d6c2,1,"Msg secret between A,B"
PCM,Secret_for_B_v2_01,2,0,typed,ofmc,2022,N:\CorsiDSI\Project\ofmc\bm-impl\ofmc.exe --numSess 2 --noowngoal  .\single-typed\Secret_for_B_v2\Secret_for_B_v2_01.AnB,2025-11-05 15:55:24.983394,2025-11-05 15:55:25.447592,464,completed,N/A,7,NO_ATTACK,1a0751768cf95cc4afe15eee22a6479b,1,A ->* B: Msg
PCM,Secret_for_B_v2_02,2,0,typed,ofmc,2022,N:\CorsiDSI\Project\ofmc\bm-impl\ofmc.exe --numSess 2 --noowngoal  .\single-typed\Secret_for_B_v2\Secret_for_B_v2_02.AnB,2025-11-05 15:55:25.460593,2025-11-05 15:55:25.887777,427,completed,N/A,7,NO_ATTACK,bb99b1acad797e3101f69612a8f73508,1,"Msg secret between A,B"
PCM,Secret_for_B_v2_03,2,0,typed,ofmc,2022,N:\CorsiDSI\Project\ofmc\bm-impl\ofmc.exe --numSess 2 --noowngoal  .\single-typed\Secret_for_B_v2\Secret_for_B_v2_03.AnB,2025-11-05 15:55:25.901776,2025-11-05 15:55:26.318774,417,completed,N/A,7,NO_ATTACK,c088b3c8cbc596ff95dae2d90bd2973d,1,B authenticates A on Msg
PCM,Secret_for_B_v2_04,2,0,typed,ofmc,2022,N:\CorsiDSI\Project\ofmc\bm-impl\ofmc.exe --numSess 2 --noowngoal  .\single-typed\Secret_for_B_v2\Secret_for_B_v2_04.AnB,2025-11-05 15:55:26.331777,2025-11-05 15:55:26.762988,431,completed,N/A,7,NO_ATTACK,aa4ca635351264752a4eb1ecc28b822e,1,B authenticates A on N
PCM,Secret_Goal_Pair_01,2,0,typed,ofmc,2022,N:\CorsiDSI\Project\ofmc\bm-impl\ofmc.exe --numSess 2 --noowngoal  .\single-typed\Secret_Goal_Pair\Secret_Goal_Pair_01.AnB,2025-11-05 15:55:26.775991,2025-11-05 15:55:26.851989,76,completed,N/A,7,ATTACK,99844ffa46462bfe69992e4638f5c846,1,A ->* B: Msg1
PCM,Secret_Goal_Pair_02,2,0,typed,ofmc,2022,N:\CorsiDSI\Project\ofmc\bm-impl\ofmc.exe --numSess 2 --noowngoal  .\single-typed\Secret_Goal_Pair\Secret_Goal_Pair_02.AnB,2025-11-05 15:55:26.865188,2025-11-05 15:55:26.950189,85,completed,N/A,7,ATTACK,d49461c2224d17e56099f49b42ed5c0b,1,"{Msg1,Msg2}pk(B) secret between A,B"
PCM,Secret_Goal_Pair_03,2,0,typed,ofmc,2022,N:\CorsiDSI\Project\ofmc\bm-impl\ofmc.exe --numSess 2 --noowngoal  .\single-typed\Secret_Goal_Pair\Secret_Goal_Pair_03.AnB,2025-11-05 15:55:26.966192,2025-11-05 15:55:27.038190,72,completed,N/A,7,ATTACK,8bff0b29646353619746eef213f1cf17,1,"Msg1,Msg2 secret between A,B"
PCM,Secret_Goal_Pair_04,2,0,typed,ofmc,2022,N:\CorsiDSI\Project\ofmc\bm-impl\ofmc.exe --numSess 2 --noowngoal  .\single-typed\Secret_Goal_Pair\Secret_Goal_Pair_04.AnB,2025-11-05 15:55:27.053188,2025-11-05 15:55:27.123186,70,completed,N/A,7,ATTACK,22b2da0b04af2b6a7a27e53930c90302,1,"Msg1 secret between A,B"
PCM,Secret_Goal_Pair_05,2,0,typed,ofmc,2022,N:\CorsiDSI\Project\ofmc\bm-impl\ofmc.exe --numSess 2 --noowngoal  .\single-typed\Secret_Goal_Pair\Secret_Goal_Pair_05.AnB,2025-11-05 15:55:27.145189,2025-11-05 15:55:27.215187,70,completed,N/A,7,ATTACK,896b8b252cedad75beb16d08a5e31279,1,"Msg2 secret between A,B"
PCM,Secret_Pair_01,2,0,typed,ofmc,2022,N:\CorsiDSI\Project\ofmc\bm-impl\ofmc.exe --numSess 2 --noowngoal  .\single-typed\Secret_Pair\Secret_Pair_01.AnB,2025-11-05 15:55:27.228188,2025-11-05 15:55:27.290186,62,completed,N/A,7,NO_ATTACK,a40b0a40e6a362089122914825afa491,1,"A -> B: Msg1,Msg2"
PCM,Secret_Pair_02,2,0,typed,ofmc,2022,N:\CorsiDSI\Project\ofmc\bm-impl\ofmc.exe --numSess 2 --noowngoal  .\single-typed\Secret_Pair\Secret_Pair_02.AnB,2025-11-05 15:55:27.308190,2025-11-05 15:55:27.360188,52,completed,N/A,7,ATTACK,5013ae96c084d9933a26a827ad7694cb,1,"A ->* B: Msg1,Msg2"
PCM,Secret_Pair_03,2,0,typed,ofmc,2022,N:\CorsiDSI\Project\ofmc\bm-impl\ofmc.exe --numSess 2 --noowngoal  .\single-typed\Secret_Pair\Secret_Pair_03.AnB,2025-11-05 15:55:27.374388,2025-11-05 15:55:27.427388,53,completed,N/A,7,ATTACK,a1ea2171f22e84d4e81412f529fc6461,1,A ->* B: Msg1
PCM,Secret_Pair_04,2,0,typed,ofmc,2022,N:\CorsiDSI\Project\ofmc\bm-impl\ofmc.exe --numSess 2 --noowngoal  .\single-typed\Secret_Pair\Secret_Pair_04.AnB,2025-11-05 15:55:27.440386,2025-11-05 15:55:27.543386,103,completed,N/A,7,ATTACK,e896da06251dcd1ebde35207315ec541,1,"B authenticates A on Msg1,Msg2"
PCM,NSL_KeyServer_05,2,0,typed,ofmc,2022,N:\CorsiDSI\Project\ofmc\bm-impl\ofmc.exe --numSess 2 --noowngoal  .\single-typed\NSL_KeyServer\NSL_KeyServer_05.AnB,2025-11-05 15:51:34.597736,2025-11-05 15:55:29.601191,235003,completed,N/A,7,NO_ATTACK,2f3df77d2be239de68bba0443af41f86,1,A *->* B: NxNA
PCM,Otway_Rees_01,2,0,typed,ofmc,2022,N:\CorsiDSI\Project\ofmc\bm-impl\ofmc.exe --numSess 2 --noowngoal  .\single-typed\Otway_Rees\Otway_Rees_01.AnB,2025-11-05 15:55:12.258999,2025-11-05 15:55:30.162374,17903,completed,N/A,7,NO_ATTACK,3e6ff4b5ce956c55713cfb155ca55ff5,1,"KxKAB secret between A,B,s"
PCM,ShareAgree2_01,2,0,typed,ofmc,2022,N:\CorsiDSI\Project\ofmc\bm-impl\ofmc.exe --numSess 2 --noowngoal  .\single-typed\ShareAgree2\ShareAgree2_01.AnB,2025-11-05 15:55:30.174377,2025-11-05 15:55:31.007741,833,completed,N/A,7,ATTACK,c901d5ee1c8725bf7fe1fb0c9ede8402,1,"Price,Desc secret between A,B"
PCM,Otway_Rees_02,2,0,typed,ofmc,2022,N:\CorsiDSI\Project\ofmc\bm-impl\ofmc.exe --numSess 2 --noowngoal  .\single-typed\Otway_Rees\Otway_Rees_02.AnB,2025-11-05 15:55:14.412066,2025-11-05 15:55:31.655419,17243,completed,N/A,7,NO_ATTACK,3aa0d66d4a428c77d36ddad890465985,1,B authenticates s on KxKAB
PCM,Otway_Rees_03,2,0,typed,ofmc,2022,N:\CorsiDSI\Project\ofmc\bm-impl\ofmc.exe --numSess 2 --noowngoal  .\single-typed\Otway_Rees\Otway_Rees_03.AnB,2025-11-05 15:55:16.915058,2025-11-05 15:55:34.478353,17563,completed,N/A,7,NO_ATTACK,35e30db0070cc4e5b639793a2e4da211,1,A authenticates s on KxKAB
PCM,ShareAgree2_02,2,0,typed,ofmc,2022,N:\CorsiDSI\Project\ofmc\bm-impl\ofmc.exe --numSess 2 --noowngoal  .\single-typed\ShareAgree2\ShareAgree2_02.AnB,2025-11-05 15:55:31.018741,2025-11-05 15:55:43.992334,12974,completed,N/A,7,NO_ATTACK,8c09c42a818b04d796656b85e0f49773,1,"shk(A,B) secret between A,B"
PCM,ShareAgreeSimple_01,2,0,typed,ofmc,2022,N:\CorsiDSI\Project\ofmc\bm-impl\ofmc.exe --numSess 2 --noowngoal  .\single-typed\ShareAgreeSimple\ShareAgreeSimple_01.AnB,2025-11-05 15:55:44.006337,2025-11-05 15:55:45.094217,1088,completed,N/A,7,ATTACK,3a61daf3d6d00142780460865007ab84,1,"NB secret between A,B"
PCM,SharedKey_01,2,0,typed,ofmc,2022,N:\CorsiDSI\Project\ofmc\bm-impl\ofmc.exe --numSess 2 --noowngoal  .\single-typed\SharedKey\SharedKey_01.AnB,2025-11-05 15:55:45.117217,2025-11-05 15:55:45.243215,126,completed,N/A,7,NO_ATTACK,5476969cfe387114e1d4d78f15398401,1,A ->* B: Msg
PCM,SharedKey2_01,2,0,typed,ofmc,2022,N:\CorsiDSI\Project\ofmc\bm-impl\ofmc.exe --numSess 2 --noowngoal  .\single-typed\SharedKey2\SharedKey2_01.AnB,2025-11-05 15:55:45.258216,2025-11-05 15:55:45.382216,124,completed,N/A,7,NO_ATTACK,05c24978c1ea6934455f0b632038f3fb,1,A ->* B: Msg
PCM,SharedKey2_02,2,0,typed,ofmc,2022,N:\CorsiDSI\Project\ofmc\bm-impl\ofmc.exe --numSess 2 --noowngoal  .\single-typed\SharedKey2\SharedKey2_02.AnB,2025-11-05 15:55:45.396218,2025-11-05 15:55:45.535213,139,completed,N/A,7,NO_ATTACK,f763714120e92863ddf3b8d290ce57be,1,B weakly authenticates A on Msg
PCM,Sign_01,2,0,typed,ofmc,2022,N:\CorsiDSI\Project\ofmc\bm-impl\ofmc.exe --numSess 2 --noowngoal  .\single-typed\Sign\Sign_01.AnB,2025-11-05 15:55:45.561379,2025-11-05 15:55:45.644379,83,completed,N/A,7,ATTACK,4bae3dc68baa29811a9f96aad7d796b8,1,B weakly authenticates A on Msg
PCM,Sign_02,2,0,typed,ofmc,2022,N:\CorsiDSI\Project\ofmc\bm-impl\ofmc.exe --numSess 2 --noowngoal  .\single-typed\Sign\Sign_02.AnB,2025-11-05 15:55:45.658377,2025-11-05 15:55:46.383599,725,completed,N/A,7,NO_ATTACK,a725c3f6d00c01bf04833632a47745ef,1,A -> B: Msg
PCM,ShareAgreeCertified_01,2,0,typed,ofmc,2022,N:\CorsiDSI\Project\ofmc\bm-impl\ofmc.exe --numSess 2 --noowngoal  .\single-typed\ShareAgreeCertified\ShareAgreeCertified_01.AnB,2025-11-05 15:55:31.668417,2025-11-05 15:56:31.977908,60309,completed,N/A,7,NO_ATTACK,8192637edbb91e1baddef689af7e9e8a,1,"Price,Desc secret between A,B"
PCM,ShareAgreeCertified_02,2,0,typed,ofmc,2022,N:\CorsiDSI\Project\ofmc\bm-impl\ofmc.exe --numSess 2 --noowngoal  .\single-typed\ShareAgreeCertified\ShareAgreeCertified_02.AnB,2025-11-05 15:55:34.491356,2025-11-05 15:56:35.469660,60978,completed,N/A,7,NO_ATTACK,2602d205ce07e1c5383d7b4c5af5d37d,1,"shk(A,B) secret between A,B"
PCM,NSPK_KeyServer_01,2,0,typed,ofmc,2022,N:\CorsiDSI\Project\ofmc\bm-impl\ofmc.exe --numSess 2 --noowngoal  .\single-typed\NSPK_KeyServer\NSPK_KeyServer_01.AnB,2025-11-05 15:53:21.562235,2025-11-05 15:56:39.269420,197707,completed,N/A,7,ATTACK,de9ae6212135ce098767281b1bdc330f,1,A *->* B: NA
PCM,SymEnc_01,2,0,typed,ofmc,2022,N:\CorsiDSI\Project\ofmc\bm-impl\ofmc.exe --numSess 2 --noowngoal  .\single-typed\SymEnc\SymEnc_01.AnB,2025-11-05 15:56:39.289419,2025-11-05 15:56:39.400420,111,completed,N/A,7,NO_ATTACK,8de6f6e42dd1585e7b26f153bc70767d,1,A ->* B: Msg
PCM,TagTT_01,2,0,typed,ofmc,2022,N:\CorsiDSI\Project\ofmc\bm-impl\ofmc.exe --numSess 2 --noowngoal  .\single-typed\TagTT\TagTT_01.AnB,2025-11-05 15:56:39.412422,2025-11-05 15:56:39.474421,62,completed,N/A,7,NO_ATTACK,00dafbe8e85ebd7d4dff8813b8a8b060,1,A -> B: f(Msg)
PCM,Test_Inactive_Agent_01,2,0,typed,ofmc,2022,N:\CorsiDSI\Project\ofmc\bm-impl\ofmc.exe --numSess 2 --noowngoal  .\single-typed\Test_Inactive_Agent\Test_Inactive_Agent_01.AnB,2025-11-05 15:56:39.486421,2025-11-05 15:56:39.892668,406,completed,N/A,7,NO_ATTACK,9079d9e61932894f0312c2c161e6ff65,1,A -> B: NxA
PCM,NSL_KeyServer_06,2,0,typed,ofmc,2022,N:\CorsiDSI\Project\ofmc\bm-impl\ofmc.exe --numSess 2 --noowngoal  .\single-typed\NSL_KeyServer\NSL_KeyServer_06.AnB,2025-11-05 15:53:18.618900,2025-11-05 15:57:19.579402,240961,completed,N/A,7,NO_ATTACK,efe6776f0d9b54ad62432286c3bcbf6f,1,B *->* A: NxNB
PCM,TLS_01,2,0,typed,ofmc,2022,N:\CorsiDSI\Project\ofmc\bm-impl\ofmc.exe --numSess 2 --noowngoal  .\single-typed\TLS\TLS_01.AnB,2025-11-05 15:56:39.905668,2025-11-05 15:57:55.734579,75829,completed,N/A,7,NO_ATTACK,35656d8a14c3e99c585374c3668f33bd,1,"B authenticates A on prf(PMS,NA,NB)"
PCM,TLS_02,2,0,typed,ofmc,2022,N:\CorsiDSI\Project\ofmc\bm-impl\ofmc.exe --numSess 2 --noowngoal  .\single-typed\TLS\TLS_02.AnB,2025-11-05 15:57:19.593547,2025-11-05 15:58:31.988451,72395,completed,N/A,7,NO_ATTACK,0db70687eab845d01b8d4c9f670c3519,1,"A authenticates B on prf(PMS,NA,NB)"
PCM,TLS_noClientAuth_01,2,0,typed,ofmc,2022,N:\CorsiDSI\Project\ofmc\bm-impl\ofmc.exe --numSess 2 --noowngoal  .\single-typed\TLS_noClientAuth\TLS_noClientAuth_01.AnB,2025-11-05 15:58:32.002451,2025-11-05 15:58:57.714871,25712,completed,N/A,7,NO_ATTACK,e8ad794d01439ef18a5d8ddccea25640,1,"[A] *->* B: prf(PMS,NA,NB)"
PCM,ShareAgree_02,2,0,typed,ofmc,2022,N:\CorsiDSI\Project\ofmc\bm-impl\ofmc.exe --numSess 2 --noowngoal  .\single-typed\ShareAgree\ShareAgree_02.AnB,2025-11-05 15:55:29.616191,2025-11-05 15:59:00.607016,210991,completed,N/A,7,NO_ATTACK,ab359f2cd6ee0d77d29ce93996e8c695,1,"shk(A,B) secret between A,B"
PCM,TLS_03,2,0,typed,ofmc,2022,N:\CorsiDSI\Project\ofmc\bm-impl\ofmc.exe --numSess 2 --noowngoal  .\single-typed\TLS\TLS_03.AnB,2025-11-05 15:57:55.746578,2025-11-05 15:59:08.164274,72418,completed,N/A,7,NO_ATTACK,78cdb2937781237c20c31d43005a99de,1,"prf(PMS,NA,NB) secret between A,B"
PCM,TLS_noClientAuth_02,2,0,typed,ofmc,2022,N:\CorsiDSI\Project\ofmc\bm-impl\ofmc.exe --numSess 2 --noowngoal  .\single-typed\TLS_noClientAuth\TLS_noClientAuth_02.AnB,2025-11-05 15:58:57.726872,2025-11-05 15:59:25.247248,27520,completed,N/A,7,NO_ATTACK,6824006a1240a0b5ff9e1b7d31e89cfa,1,"B *->* [A]: prf(PMS,NA,NB)"
PCM,ShareAgree_01,2,0,typed,ofmc,2022,N:\CorsiDSI\Project\ofmc\bm-impl\ofmc.exe --numSess 2 --noowngoal  .\single-typed\ShareAgree\ShareAgree_01.AnB,2025-11-05 15:55:27.813389,2025-11-05 15:59:27.100896,239288,completed,N/A,7,NO_ATTACK,f108ccb0fc537a3c9a75beea96cae75b,1,"Price,Desc secret between A,B"
PCM,TLS_pw_04,2,0,typed,ofmc,2022,N:\CorsiDSI\Project\ofmc\bm-impl\ofmc.exe --numSess 2 --noowngoal  .\single-typed\TLS_pw\TLS_pw_04.AnB,2025-11-05 15:59:27.112897,2025-11-05 15:59:32.036997,4924,completed,N/A,7,ATTACK,afaaf5109bc6482cb46428cae1818996,1,"pw(A,B) guessable secret between A,B"
PCM,TMN_01,2,0,typed,ofmc,2022,N:\CorsiDSI\Project\ofmc\bm-impl\ofmc.exe --numSess 2 --noowngoal  .\single-typed\TMN\TMN_01.AnB,2025-11-05 15:59:32.075999,2025-11-05 15:59:32.211232,135,completed,N/A,7,ATTACK,4e62769644629604e9a8d762e1366999,1,"Ka secret between A,s"
PCM,TMN_02,2,0,typed,ofmc,2022,N:\CorsiDSI\Project\ofmc\bm-impl\ofmc.exe --numSess 2 --noowngoal  .\single-typed\TMN\TMN_02.AnB,2025-11-05 15:59:32.226234,2025-11-05 15:59:32.385234,159,completed,N/A,7,ATTACK,30b5180653fc089d1ff56dcffcbfd1ec,1,"Kb secret between A,B,s"
PCM,TMN_03,2,0,typed,ofmc,2022,N:\CorsiDSI\Project\ofmc\bm-impl\ofmc.exe --numSess 2 --noowngoal  .\single-typed\TMN\TMN_03.AnB,2025-11-05 15:59:32.397235,2025-11-05 15:59:32.692454,295,completed,N/A,7,ATTACK,c8426915f2f9a71b8a65b08da26e9573,1,A ->* s: Ka
PCM,TMN_04,2,0,typed,ofmc,2022,N:\CorsiDSI\Project\ofmc\bm-impl\ofmc.exe --numSess 2 --noowngoal  .\single-typed\TMN\TMN_04.AnB,2025-11-05 15:59:32.708455,2025-11-05 15:59:33.100452,392,completed,N/A,7,ATTACK,36164b4912812258ce5c1150a81bf2a1,1,B ->* s: Kb
PCM,TypeConv_01,2,0,typed,ofmc,2022,N:\CorsiDSI\Project\ofmc\bm-impl\ofmc.exe --numSess 2 --noowngoal  .\single-typed\TypeConv\TypeConv_01.AnB,2025-11-05 15:59:33.116455,2025-11-05 15:59:33.320663,204,completed,N/A,7,ATTACK,9b0dcac5f00bb2d976fc6111f886cf71,1,"Msg1 secret between A,B"
PCM,TypeConv_02,2,0,typed,ofmc,2022,N:\CorsiDSI\Project\ofmc\bm-impl\ofmc.exe --numSess 2 --noowngoal  .\single-typed\TypeConv\TypeConv_02.AnB,2025-11-05 15:59:33.343664,2025-11-05 15:59:33.506660,163,completed,N/A,7,ATTACK,dd654a2bd6c722f7dc8c4dfa67fa604f,1,"Msg3 secret between A,B"
PCM,TypeConv_03,2,0,typed,ofmc,2022,N:\CorsiDSI\Project\ofmc\bm-impl\ofmc.exe --numSess 2 --noowngoal  .\single-typed\TypeConv\TypeConv_03.AnB,2025-11-05 15:59:33.519664,2025-11-05 15:59:33.695873,176,completed,N/A,7,ATTACK,a267c588a3ab06a79c080e2495f809f0,1,A ->* B: Msg1
PCM,TypeConv_04,2,0,typed,ofmc,2022,N:\CorsiDSI\Project\ofmc\bm-impl\ofmc.exe --numSess 2 --noowngoal  .\single-typed\TypeConv\TypeConv_04.AnB,2025-11-05 15:59:33.707876,2025-11-05 15:59:33.883874,176,completed,N/A,7,ATTACK,e60c0e01c5563a8913839f10bf694c7c,1,A ->* B: Msg3
PCM,TLS_pw_01,2,0,typed,ofmc,2022,N:\CorsiDSI\Project\ofmc\bm-impl\ofmc.exe --numSess 2 --noowngoal  .\single-typed\TLS_pw\TLS_pw_01.AnB,2025-11-05 15:59:00.618015,2025-11-05 15:59:38.179111,37561,completed,N/A,7,NO_ATTACK,343243b220eed462bf8a3f11c1842979,1,"B authenticates A on prf(PMS,NA,NB)"
PCM,TLS_pw_02,2,0,typed,ofmc,2022,N:\CorsiDSI\Project\ofmc\bm-impl\ofmc.exe --numSess 2 --noowngoal  .\single-typed\TLS_pw\TLS_pw_02.AnB,2025-11-05 15:59:08.178274,2025-11-05 15:59:44.207727,36029,completed,N/A,7,NO_ATTACK,57baf2002b99d20ed321df4ee3feb327,1,"A authenticates B on prf(PMS,NA,NB)"
PCM,TLS_pw_03,2,0,typed,ofmc,2022,N:\CorsiDSI\Project\ofmc\bm-impl\ofmc.exe --numSess 2 --noowngoal  .\single-typed\TLS_pw\TLS_pw_03.AnB,2025-11-05 15:59:25.261249,2025-11-05 15:59:59.633959,34373,completed,N/A,7,NO_ATTACK,96646dda39ca3980d4600539baa5a9df,1,"prf(PMS,NA,NB) secret between A,B"
PCM,WMF_01,2,0,typed,ofmc,2022,N:\CorsiDSI\Project\ofmc\bm-impl\ofmc.exe --numSess 2 --noowngoal  .\single-typed\WMF\WMF_01.AnB,2025-11-05 15:59:59.650961,2025-11-05 16:00:02.170161,2519,completed,N/A,7,NO_ATTACK,547b58c0dd583b9ad1653546eb1bdbf5,1,"Msg secret between A,B"
PCM,WooLam_01,2,0,typed,ofmc,2022,N:\CorsiDSI\Project\ofmc\bm-impl\ofmc.exe --numSess 2 --noowngoal  .\single-typed\WooLam\WooLam_01.AnB,2025-11-05 16:00:02.184160,2025-11-05 16:00:02.638160,454,completed,N/A,7,ATTACK,df3c38fa4d46809559a6cb544002e0b3,1,B authenticates A on NB
PCM,WooLam1_01,2,0,typed,ofmc,2022,N:\CorsiDSI\Project\ofmc\bm-impl\ofmc.exe --numSess 2 --noowngoal  .\single-typed\WooLam1\WooLam1_01.AnB,2025-11-05 16:00:02.654163,2025-11-05 16:00:02.987348,333,completed,N/A,7,ATTACK,d21e0994ce3fea71cdd2e63036f9a51b,1,B authenticates A on NB
PCM,WooLam1Test_01,2,0,typed,ofmc,2022,N:\CorsiDSI\Project\ofmc\bm-impl\ofmc.exe --numSess 2 --noowngoal  .\single-typed\WooLam1Test\WooLam1Test_01.AnB,2025-11-05 16:00:03.001347,2025-11-05 16:00:03.372511,371,completed,N/A,7,ATTACK,022f14f3323f266a626329134beb7a8b,1,B authenticates A on NB
PCM,WooLam2_01,2,0,typed,ofmc,2022,N:\CorsiDSI\Project\ofmc\bm-impl\ofmc.exe --numSess 2 --noowngoal  .\single-typed\WooLam2\WooLam2_01.AnB,2025-11-05 16:00:03.386512,2025-11-05 16:00:03.679716,293,completed,N/A,7,ATTACK,f66940d627ee65a1255864e05774b1ac,1,B authenticates A on NB
PCM,WooLam3_01,2,0,typed,ofmc,2022,N:\CorsiDSI\Project\ofmc\bm-impl\ofmc.exe --numSess 2 --noowngoal  .\single-typed\WooLam3\WooLam3_01.AnB,2025-11-05 16:00:03.692721,2025-11-05 16:00:03.934717,242,completed,N/A,7,ATTACK,7f766e95bde9d8eef854e32295329a2a,1,B authenticates A on NB
PCM,WooLam4_01,2,0,typed,ofmc,2022,N:\CorsiDSI\Project\ofmc\bm-impl\ofmc.exe --numSess 2 --noowngoal  .\single-typed\WooLam4\WooLam4_01.AnB,2025-11-05 16:00:03.948720,2025-11-05 16:00:04.893085,944,completed,N/A,7,ATTACK,1440b76bf8011a7eaa241215c7987172,1,B authenticates A on NB
PCM,WooLamF_01,2,0,typed,ofmc,2022,N:\CorsiDSI\Project\ofmc\bm-impl\ofmc.exe --numSess 2 --noowngoal  .\single-typed\WooLamF\WooLamF_01.AnB,2025-11-05 16:00:04.907086,2025-11-05 16:00:17.249803,12343,completed,N/A,7,NO_ATTACK,329fa4c56767280450e5bfc42932cc6b,1,B authenticates A on NB
PCM,WooLamMutual_01,2,0,typed,ofmc,2022,N:\CorsiDSI\Project\ofmc\bm-impl\ofmc.exe --numSess 2 --noowngoal  .\single-typed\WooLamMutual\WooLamMutual_01.AnB,2025-11-05 16:00:17.264803,2025-11-05 16:00:28.123950,10859,completed,N/A,7,ATTACK,d46d9e61fb21973573a9492b5a72699a,1,"B authenticates s on KAB,A"
PCM,WooLamMutual_02,2,0,typed,ofmc,2022,N:\CorsiDSI\Project\ofmc\bm-impl\ofmc.exe --numSess 2 --noowngoal  .\single-typed\WooLamMutual\WooLamMutual_02.AnB,2025-11-05 16:00:28.145951,2025-11-05 16:00:33.333074,5187,completed,N/A,7,ATTACK,be666a9bd166d69e13892756ce134fd4,1,"A authenticates s on KAB,B"
PCM,WooLamMutual_03,2,0,typed,ofmc,2022,N:\CorsiDSI\Project\ofmc\bm-impl\ofmc.exe --numSess 2 --noowngoal  .\single-typed\WooLamMutual\WooLamMutual_03.AnB,2025-11-05 16:00:33.351073,2025-11-05 16:01:53.784479,80433,completed,N/A,7,NO_ATTACK,cd03a35391f0c48109da5138ad15235f,1,"KAB secret between A,B"
PCM,Yahalom_01,2,0,typed,ofmc,2022,N:\CorsiDSI\Project\ofmc\bm-impl\ofmc.exe --numSess 2 --noowngoal  .\single-typed\Yahalom\Yahalom_01.AnB,2025-11-05 16:01:53.802667,2025-11-05 16:01:58.063452,4261,completed,N/A,7,NO_ATTACK,3fcc15b60f5d234303a28f089a9652ef,1,B weakly authenticates A on KAB
PCM,Yahalom_02,2,0,typed,ofmc,2022,N:\CorsiDSI\Project\ofmc\bm-impl\ofmc.exe --numSess 2 --noowngoal  .\single-typed\Yahalom\Yahalom_02.AnB,2025-11-05 16:01:58.076451,2025-11-05 16:02:02.336495,4260,completed,N/A,7,NO_ATTACK,e325fbab7d622999d8083575390515e6,1,B authenticates A on KAB
PCM,Yahalom_03,2,0,typed,ofmc,2022,N:\CorsiDSI\Project\ofmc\bm-impl\ofmc.exe --numSess 2 --noowngoal  .\single-typed\Yahalom\Yahalom_03.AnB,2025-11-05 16:02:02.349495,2025-11-05 16:02:04.925586,2576,completed,N/A,7,ATTACK,d9e2a8fbe75ac3cbfd0ca7cb9f1df49e,1,"B authenticates s on KAB,A"
PCM,Yahalom_04,2,0,typed,ofmc,2022,N:\CorsiDSI\Project\ofmc\bm-impl\ofmc.exe --numSess 2 --noowngoal  .\single-typed\Yahalom\Yahalom_04.AnB,2025-11-05 16:02:04.941586,2025-11-05 16:02:09.223421,4282,completed,N/A,7,NO_ATTACK,9eb23e444c5fc8652fc760ce4da193cd,1,"A authenticates s on KAB,B"
PCM,Yahalom_05,2,0,typed,ofmc,2022,N:\CorsiDSI\Project\ofmc\bm-impl\ofmc.exe --numSess 2 --noowngoal  .\single-typed\Yahalom\Yahalom_05.AnB,2025-11-05 16:02:09.237421,2025-11-05 16:02:13.579397,4342,completed,N/A,7,NO_ATTACK,32622c46594535ad9a1535d72b1904e9,1,"KAB secret between A,B,s"
PCM,Yahalom_06,2,0,typed,ofmc,2022,N:\CorsiDSI\Project\ofmc\bm-impl\ofmc.exe --numSess 2 --noowngoal  .\single-typed\Yahalom\Yahalom_06.AnB,2025-11-05 16:02:13.592398,2025-11-05 16:02:17.919856,4327,completed,N/A,7,NO_ATTACK,7d4356fcb88ac7daae2d3df48dbe9df4,1,A ->* B: KAB
PCM,WL92_01,2,0,typed,ofmc,2022,N:\CorsiDSI\Project\ofmc\bm-impl\ofmc.exe --numSess 2 --noowngoal  .\single-typed\WL92\WL92_01.AnB,2025-11-05 15:59:33.899877,2025-11-05 16:04:38.679151,304779,completed,N/A,7,NO_ATTACK,b543bc9293161f4d9e92155c31742932,1,"A authenticates s on KxKS,B"
PCM,WL92_03,2,0,typed,ofmc,2022,N:\CorsiDSI\Project\ofmc\bm-impl\ofmc.exe --numSess 2 --noowngoal  .\single-typed\WL92\WL92_03.AnB,2025-11-05 15:59:44.222729,2025-11-05 16:04:59.855983,315633,completed,N/A,7,NO_ATTACK,7a1b6acf9b81205f6eb011f5a0c97175,1,"KxKS secret between A,B,s"
PCM,WL92_02,2,0,typed,ofmc,2022,N:\CorsiDSI\Project\ofmc\bm-impl\ofmc.exe --numSess 2 --noowngoal  .\single-typed\WL92\WL92_02.AnB,2025-11-05 15:59:38.190109,2025-11-05 16:05:06.657126,328467,completed,N/A,7,ATTACK,24a526ff155ac104a4c126ce943abd26,1,"B authenticates s on KxKS,A"
PCM,SSO_02,2,0,typed,ofmc,2022,N:\CorsiDSI\Project\ofmc\bm-impl\ofmc.exe --numSess 2 --noowngoal  .\single-typed\SSO\SSO_02.AnB,2025-11-05 15:56:31.993910,2025-11-05 16:06:28.339044,596345,completed,N/A,7,ATTACK,94609a6488728e014a175585a71710c0,1,C authenticates SP on Data
PCM,SSO_01,2,0,typed,ofmc,2022,N:\CorsiDSI\Project\ofmc\bm-impl\ofmc.exe --numSess 2 --noowngoal  .\single-typed\SSO\SSO_01.AnB,2025-11-05 15:55:46.396597,2025-11-05 16:08:35.323226,768927,completed,N/A,7,ATTACK,9ae4e6a63824c59d53f66e0ee1ee2981,1,SP authenticates C on URI
PCM,SSO_03,2,0,typed,ofmc,2022,N:\CorsiDSI\Project\ofmc\bm-impl\ofmc.exe --numSess 2 --noowngoal  .\single-typed\SSO\SSO_03.AnB,2025-11-05 15:56:35.484659,2025-11-05 16:09:28.274296,772790,completed,N/A,7,ATTACK,d7a53f9f62f209c2d618e05e7d1873be,1,"Data secret between SP,C"
